event_id,student_id,lesson_id,start_time,end_time,device_id,app_version,invalid_flag
EVT_00005,STU_0011,LES_036,2024-04-22 03:06:00,2024-04-22 03:45:00,DEV_034,v3.0,0
EVT_00512,STU_0070,LES_049,2024-04-16 18:55:00,2024-04-16 19:22:00,DEV_004,v3.0,0
EVT_00362,STU_0139,LES_032,2024-01-10 12:05:00,2024-01-10 12:13:00,DEV_048,v4.0,0
EVT_00948,STU_0100,LES_012,2024-03-06 12:49:00,2024-03-06 13:22:00,DEV_017,v4.0,0
EVT_00078,STU_0231,LES_025,2024-03-24 02:09:00,2024-03-24 02:09:00,DEV_017,v3.0,0
EVT_00975,STU_0177,LES_049,2024-01-11 10:29:00,2024-01-11 11:26:00,DEV_026,v2.0,0
EVT_00294,STU_0162,LES_042,2024-05-03 23:01:00,2024-05-03 23:01:00,DEV_002,v2.0,0
EVT_00189,STU_0049,LES_021,2024-03-14 11:43:00,2024-03-14 11:53:00,DEV_026,v4.0,0
EVT_00002,STU_0027,LES_031,2024-05-13 12:10:00,2024-05-13 12:26:00,DEV_045,v1.0,0
EVT_00472,STU_0031,LES_011,2024-02-15 01:35:00,2024-02-15 02:17:00,DEV_010,v4.0,0
EVT_00886,STU_0146,LES_021,2024-04-09 10:15:00,2024-04-09 10:15:00,DEV_044,v2.0,0
EVT_00204,STU_0059,LES_010,2024-04-08 04:02:00,2024-04-08 04:38:00,DEV_007,v1.0,0
EVT_00313,STU_0173,LES_045,2024-06-10 12:55:00,2024-06-10 13:17:00,DEV_003,v4.0,0
EVT_00389,STU_0248,LES_022,2024-04-09 10:09:00,2024-04-09 10:58:00,DEV_028,v1.0,0
EVT_00476,STU_0271,LES_015,2024-03-03 11:18:00,2024-03-03 11:54:00,DEV_009,v4.0,0
EVT_00630,STU_0094,LES_045,2024-01-13 02:27:00,2024-01-13 03:18:00,DEV_018,v2.0,0
EVT_00180,STU_0003,LES_024,2024-03-20 11:37:00,2024-03-20 11:45:00,DEV_024,v2.0,0
EVT_00761,STU_0228,LES_021,2024-07-16 09:36:00,2024-07-16 10:24:00,DEV_026,v1.0,0
EVT_00691,STU_0020,LES_024,2024-06-03 13:59:00,2024-06-03 14:52:00,DEV_049,v4.0,0
EVT_00248,STU_0037,LES_049,2024-02-10 14:15:00,2024-02-10 14:58:00,DEV_041,v3.0,0
EVT_00329,STU_0174,LES_026,2024-04-23 00:04:00,2024-04-23 00:49:00,DEV_011,v4.0,0
EVT_00383,STU_0208,LES_002,2024-05-03 09:45:00,2024-05-03 10:15:00,DEV_043,v3.0,0
EVT_00997,STU_0044,LES_044,2024-06-06 13:46:00,2024-06-06 14:10:00,DEV_018,v1.0,0
EVT_00233,STU_0286,LES_009,2024-03-04 11:12:00,2024-03-04 11:41:00,DEV_014,v3.0,0
EVT_00983,STU_0031,LES_037,2024-05-01 06:02:00,2024-05-01 06:19:00,DEV_028,v3.0,0
EVT_00121,STU_0027,LES_032,2024-05-28 12:55:00,2024-05-28 13:49:00,DEV_003,v2.0,0
EVT_00036,STU_0040,LES_034,2024-02-09 21:52:00,2024-02-09 22:15:00,DEV_016,v4.0,0
EVT_00971,STU_0296,LES_034,2024-04-05 18:22:00,2024-04-05 18:43:00,DEV_033,v3.0,0
EVT_00280,STU_0012,LES_006,2024-01-17 14:42:00,2024-01-17 15:34:00,DEV_044,v4.0,0
EVT_00754,STU_0042,LES_019,2024-04-03 21:38:00,2024-04-03 22:36:00,DEV_016,v1.0,0
EVT_00900,STU_0120,LES_006,2024-06-24 11:43:00,2024-06-24 11:50:00,DEV_018,v3.0,0
EVT_00173,STU_0104,LES_035,2024-03-04 14:33:00,2024-03-04 15:02:00,DEV_010,v1.0,0
EVT_00335,STU_0169,LES_016,2024-03-08 21:15:00,2024-03-08 21:45:00,DEV_012,v3.0,0
EVT_00819,STU_0249,LES_013,2024-06-28 01:05:00,2024-06-28 01:52:00,DEV_026,v2.0,0
EVT_00221,STU_0156,LES_026,2024-07-08 16:20:00,2024-07-08 16:58:00,DEV_041,v3.0,0
EVT_00231,STU_0275,LES_009,2024-01-28 16:19:00,2024-01-28 16:37:00,DEV_009,v3.0,0
EVT_00098,STU_0213,LES_015,2024-03-05 18:19:00,2024-03-05 18:38:00,DEV_021,v3.0,0
EVT_00822,STU_0057,LES_040,2024-04-27 22:39:00,2024-04-27 23:18:00,DEV_003,v4.0,0
EVT_00735,STU_0093,LES_006,2024-01-17 19:37:00,2024-01-17 19:37:00,DEV_021,v1.0,0
EVT_00097,STU_0279,LES_019,2024-04-18 22:34:00,2024-04-18 23:32:00,DEV_007,v1.0,0
EVT_00263,STU_0160,LES_036,2024-05-03 11:18:00,2024-05-03 11:50:00,DEV_037,v3.0,0
EVT_00658,STU_0223,LES_025,2024-01-31 13:07:00,2024-01-31 13:28:00,DEV_045,v2.0,0
EVT_00783,STU_0300,LES_007,2024-06-20 19:00:00,2024-06-20 19:38:00,DEV_002,v1.0,0
EVT_00018,STU_0293,LES_043,2024-06-16 16:25:00,2024-06-16 17:13:00,DEV_039,v3.0,0
EVT_00493,STU_0001,LES_044,2024-03-15 18:41:00,2024-03-15 19:17:00,DEV_015,v4.0,0
EVT_00312,STU_0166,LES_011,2024-02-23 15:51:00,2024-02-23 16:31:00,DEV_045,v3.0,0
EVT_00309,STU_0211,LES_012,2024-02-06 13:29:00,2024-02-06 14:27:00,DEV_048,v3.0,0
EVT_00174,STU_0231,LES_027,2024-06-03 18:09:00,2024-06-03 18:26:00,DEV_009,v4.0,0
EVT_00392,STU_0145,LES_010,2024-04-23 00:53:00,2024-04-23 01:49:00,DEV_021,v3.0,0
EVT_00367,STU_0070,LES_006,2024-03-24 22:11:00,2024-03-24 22:32:00,DEV_049,v4.0,0
EVT_00529,STU_0239,LES_004,2024-02-09 03:06:00,2024-02-09 03:06:00,DEV_016,v2.0,0
EVT_00511,STU_0143,LES_046,2024-06-28 16:14:00,2024-06-28 16:39:00,DEV_024,v1.0,0
EVT_00521,STU_0078,LES_045,2024-01-06 02:42:00,2024-01-06 03:33:00,DEV_008,v1.0,0
EVT_00408,STU_0237,LES_046,2024-02-01 09:26:00,2024-02-01 10:06:00,DEV_046,v2.0,0
EVT_00838,STU_0281,LES_043,2024-03-24 11:42:00,2024-03-24 12:04:00,DEV_044,v1.0,0
EVT_00936,STU_0037,LES_026,2024-05-16 08:27:00,2024-05-16 08:39:00,DEV_020,v2.0,0
EVT_00648,STU_0042,LES_019,2024-06-10 14:31:00,2024-06-10 15:09:00,DEV_025,v1.0,0
EVT_00650,STU_0287,LES_042,2024-01-10 09:01:00,2024-01-10 09:23:00,DEV_024,v4.0,0
EVT_00243,STU_0087,LES_038,2024-01-06 03:33:00,2024-01-06 03:54:00,DEV_012,v2.0,0
EVT_00398,STU_0038,LES_019,2024-06-12 05:18:00,2024-06-12 06:08:00,DEV_003,v2.0,0
EVT_00120,STU_0196,LES_013,2024-02-18 13:47:00,2024-02-18 13:47:00,DEV_005,v4.0,0
EVT_00237,STU_0149,LES_005,2024-02-17 21:39:00,2024-02-17 22:27:00,DEV_033,v1.0,0
EVT_00980,STU_0292,LES_025,2024-05-31 10:56:00,2024-05-31 11:31:00,DEV_029,v2.0,0
EVT_00494,STU_0237,LES_014,2024-07-03 15:03:00,2024-07-03 15:19:00,DEV_001,v3.0,0
EVT_00151,STU_0192,LES_017,2024-04-29 06:32:00,2024-04-29 06:38:00,DEV_048,v1.0,0
EVT_00906,STU_0029,LES_003,2024-03-18 13:12:00,2024-03-18 13:12:00,DEV_003,v2.0,0
EVT_00508,STU_0175,LES_034,2024-04-04 07:13:00,2024-04-04 07:40:00,DEV_004,v3.0,0
EVT_00226,STU_0021,LES_035,2024-02-26 15:48:00,2024-02-26 16:06:00,DEV_036,v4.0,0
EVT_00034,STU_0090,LES_018,2024-07-16 00:36:00,2024-07-16 00:53:00,DEV_028,v1.0,0
EVT_00816,STU_0219,LES_013,2024-01-21 08:55:00,2024-01-21 09:23:00,DEV_035,v3.0,0
EVT_00486,STU_0276,LES_013,2024-03-21 15:31:00,2024-03-21 15:50:00,DEV_013,v1.0,0
EVT_00021,STU_0274,LES_032,2024-04-05 17:42:00,2024-04-05 17:42:00,DEV_029,v2.0,0
EVT_00281,STU_0070,LES_036,2024-04-11 20:39:00,2024-04-11 21:10:00,DEV_011,v4.0,0
EVT_00842,STU_0254,LES_015,2024-05-02 10:55:00,2024-05-02 10:55:00,DEV_037,v3.0,0
EVT_00463,STU_0215,LES_024,2024-03-13 15:30:00,2024-03-13 16:11:00,DEV_042,v1.0,0
EVT_00440,STU_0207,LES_004,2024-01-23 14:46:00,2024-01-23 15:10:00,DEV_037,v4.0,0
EVT_00661,STU_0144,LES_024,2024-04-14 05:23:00,2024-04-14 06:11:00,DEV_035,v3.0,0
EVT_00087,STU_0181,LES_024,2024-02-12 02:05:00,2024-02-12 02:59:00,DEV_029,v1.0,0
EVT_00185,STU_0198,LES_004,2024-05-27 17:50:00,2024-05-27 18:00:00,DEV_047,v2.0,0
EVT_00107,STU_0158,LES_018,2024-01-02 09:48:00,2024-01-02 10:17:00,DEV_030,v3.0,0
EVT_00777,STU_0216,LES_049,2024-05-03 07:53:00,2024-05-03 08:44:00,DEV_013,v3.0,0
EVT_00032,STU_0195,LES_025,2024-03-16 02:49:00,2024-03-16 03:33:00,DEV_025,v1.0,0
EVT_00135,STU_0256,LES_010,2024-01-25 13:12:00,2024-01-25 13:49:00,DEV_036,v3.0,0
EVT_00830,STU_0138,LES_015,2024-06-18 11:27:00,2024-06-18 11:54:00,DEV_033,v4.0,0
EVT_00400,STU_0107,LES_025,2024-02-08 23:12:00,2024-02-08 23:49:00,DEV_037,v1.0,0
EVT_00430,STU_0062,LES_049,2024-05-16 05:47:00,2024-05-16 06:25:00,DEV_015,v4.0,0
EVT_00796,STU_0258,LES_036,2024-01-19 13:56:00,2024-01-19 14:53:00,DEV_007,v1.0,0
EVT_00609,STU_0018,LES_026,2024-06-29 04:14:00,2024-06-29 04:19:00,DEV_026,v3.0,0
EVT_00724,STU_0134,LES_016,2024-05-27 22:39:00,2024-05-27 22:57:00,DEV_043,v2.0,0
EVT_00818,STU_0141,LES_027,2024-01-06 21:04:00,2024-01-06 21:04:00,DEV_041,v2.0,0
EVT_00660,STU_0186,LES_035,2024-03-22 14:45:00,2024-03-22 14:54:00,DEV_019,v2.0,0
EVT_00659,STU_0153,LES_013,2024-05-01 14:30:00,2024-05-01 15:29:00,DEV_006,v3.0,0
EVT_00195,STU_0184,LES_043,2024-03-24 04:09:00,2024-03-24 04:34:00,DEV_004,v2.0,0
EVT_00339,STU_0094,LES_001,2024-06-19 17:42:00,2024-06-19 18:06:00,DEV_024,v2.0,0
EVT_00602,STU_0210,LES_049,2024-06-17 05:29:00,2024-06-17 05:40:00,DEV_048,v1.0,0
EVT_00250,STU_0168,LES_044,2024-01-19 22:35:00,2024-01-19 23:32:00,DEV_045,v4.0,0
EVT_00883,STU_0171,LES_025,2024-06-10 16:36:00,2024-06-10 16:46:00,DEV_003,v1.0,0
EVT_00086,STU_0245,LES_005,2024-06-09 16:48:00,2024-06-09 17:04:00,DEV_042,v4.0,0
EVT_00242,STU_0067,LES_022,2024-07-12 19:45:00,2024-07-12 20:30:00,DEV_001,v4.0,0
EVT_00040,STU_0082,LES_036,2024-01-02 09:48:00,2024-01-02 10:31:00,DEV_002,v4.0,0
EVT_00953,STU_0284,LES_018,2024-01-24 10:17:00,2024-01-24 11:14:00,DEV_008,v4.0,0
EVT_00550,STU_0008,LES_005,2024-03-30 11:59:00,2024-03-30 12:57:00,DEV_029,v3.0,0
EVT_00607,STU_0017,LES_039,2024-02-17 15:41:00,2024-02-17 16:24:00,DEV_041,v4.0,0
EVT_00533,STU_0146,LES_005,2024-04-26 12:12:00,2024-04-26 12:50:00,DEV_043,v2.0,0
EVT_00850,STU_0090,LES_029,2024-06-27 16:27:00,2024-06-27 16:54:00,DEV_029,v1.0,0
EVT_00197,STU_0143,LES_048,2024-07-17 08:11:00,2024-07-17 08:29:00,DEV_037,v2.0,0
EVT_00183,STU_0192,LES_019,2024-06-24 12:19:00,2024-06-24 13:12:00,DEV_033,v2.0,0
EVT_00269,STU_0051,LES_006,2024-02-28 02:04:00,2024-02-28 02:38:00,DEV_042,v1.0,0
EVT_00498,STU_0139,LES_024,2024-02-18 19:32:00,2024-02-18 20:16:00,DEV_019,v3.0,0
EVT_00977,STU_0235,LES_023,2024-07-14 18:23:00,2024-07-14 18:56:00,DEV_011,v4.0,0
EVT_00515,STU_0037,LES_045,2024-04-11 20:20:00,2024-04-11 20:20:00,DEV_048,v2.0,0
EVT_00922,STU_0004,LES_026,2024-07-15 00:59:00,2024-07-15 01:38:00,DEV_026,v2.0,0
EVT_00129,STU_0142,LES_036,2024-05-30 01:53:00,2024-05-30 02:38:00,DEV_021,v2.0,0
EVT_00881,STU_0163,LES_023,2024-05-16 13:28:00,2024-05-16 14:03:00,DEV_044,v3.0,0
EVT_00652,STU_0209,LES_016,2024-05-22 18:12:00,2024-05-22 18:36:00,DEV_015,v2.0,0
EVT_00282,STU_0249,LES_017,2024-06-27 16:13:00,2024-06-27 16:45:00,DEV_047,v3.0,0
EVT_00645,STU_0225,LES_024,2024-01-19 02:25:00,2024-01-19 03:21:00,DEV_024,v1.0,0
EVT_00030,STU_0160,LES_035,2024-01-13 19:03:00,2024-01-13 19:32:00,DEV_009,v4.0,0
EVT_00490,STU_0094,LES_018,2024-01-13 19:54:00,2024-01-13 19:54:00,DEV_021,v4.0,0
EVT_00374,STU_0206,LES_003,2024-04-23 16:54:00,2024-04-23 17:16:00,DEV_016,v4.0,0
EVT_00348,STU_0193,LES_017,2024-01-22 05:53:00,2024-01-22 06:38:00,DEV_029,v4.0,0
EVT_00647,STU_0226,LES_029,2024-05-26 12:02:00,2024-05-26 13:00:00,DEV_009,v1.0,0
EVT_00232,STU_0124,LES_019,2024-06-23 16:51:00,2024-06-23 17:33:00,DEV_036,v4.0,0
EVT_00722,STU_0118,LES_007,2024-02-15 05:01:00,2024-02-15 05:29:00,DEV_001,v1.0,0
EVT_00361,STU_0241,LES_016,2024-02-28 15:37:00,2024-02-28 16:15:00,DEV_009,v1.0,0
EVT_00957,STU_0197,LES_003,2024-04-17 06:06:00,2024-04-17 06:30:00,DEV_019,v4.0,0
EVT_00435,STU_0170,LES_013,2024-01-11 00:53:00,2024-01-11 01:37:00,DEV_040,v1.0,0
EVT_00814,STU_0074,LES_003,2024-03-16 18:36:00,2024-03-16 18:47:00,DEV_013,v4.0,0
EVT_00267,STU_0031,LES_004,2024-04-22 13:56:00,2024-04-22 14:24:00,DEV_003,v3.0,0
EVT_00879,STU_0131,LES_026,2024-07-03 04:12:00,2024-07-03 04:12:00,DEV_026,v2.0,0
EVT_00119,STU_0229,LES_033,2024-06-12 01:12:00,2024-06-12 01:22:00,DEV_041,v3.0,0
EVT_00741,STU_0125,LES_011,2024-07-09 14:54:00,2024-07-09 15:00:00,DEV_008,v2.0,0
EVT_00992,STU_0184,LES_012,2024-04-01 09:41:00,2024-04-01 09:50:00,DEV_023,v1.0,0
EVT_00070,STU_0211,LES_022,2024-02-06 22:55:00,2024-02-06 23:02:00,DEV_028,v2.0,0
EVT_00965,STU_0225,LES_010,2024-07-01 11:51:00,2024-07-01 12:28:00,DEV_047,v2.0,0
EVT_00160,STU_0292,LES_004,2024-03-18 02:48:00,2024-03-18 03:47:00,DEV_010,v1.0,0
EVT_00667,STU_0184,LES_039,2024-02-28 22:31:00,2024-02-28 23:23:00,DEV_032,v2.0,0
EVT_00095,STU_0089,LES_048,2024-01-13 09:44:00,2024-01-13 09:44:00,DEV_031,v1.0,0
EVT_00017,STU_0014,LES_031,2024-05-31 16:34:00,2024-05-31 17:23:00,DEV_034,v3.0,0
EVT_00518,STU_0031,LES_025,2024-03-16 14:56:00,2024-03-16 15:40:00,DEV_037,v3.0,0
EVT_00366,STU_0126,LES_017,2024-06-10 12:42:00,2024-06-10 12:42:00,DEV_009,v1.0,0
EVT_00465,STU_0276,LES_039,2024-02-22 21:31:00,2024-02-22 22:17:00,DEV_030,v1.0,0
EVT_00257,STU_0084,LES_006,2024-06-03 10:28:00,2024-06-03 11:10:00,DEV_003,v4.0,0
EVT_00298,STU_0281,LES_022,2024-01-31 05:36:00,2024-01-31 06:12:00,DEV_010,v2.0,0
EVT_00584,STU_0075,LES_039,2024-02-23 22:47:00,2024-02-23 23:45:00,DEV_026,v4.0,0
EVT_00199,STU_0161,LES_004,2024-05-06 08:09:00,2024-05-06 08:09:00,DEV_022,v3.0,0
EVT_00211,STU_0085,LES_008,2024-02-24 15:04:00,2024-02-24 15:56:00,DEV_046,v4.0,0
EVT_00218,STU_0196,LES_025,2024-05-27 15:29:00,2024-05-27 15:38:00,DEV_035,v1.0,0
EVT_00305,STU_0162,LES_044,2024-07-14 10:11:00,2024-07-14 11:06:00,DEV_013,v3.0,0
EVT_00747,STU_0057,LES_039,2024-02-02 17:21:00,2024-02-02 17:21:00,DEV_032,v4.0,0
EVT_00124,STU_0036,LES_005,2024-03-17 04:46:00,2024-03-17 05:45:00,DEV_016,v2.0,0
EVT_00258,STU_0296,LES_002,2024-03-21 04:27:00,2024-03-21 04:32:00,DEV_045,v3.0,0
EVT_00283,STU_0239,LES_004,2024-05-14 06:04:00,2024-05-14 06:17:00,DEV_008,v4.0,0
EVT_00103,STU_0043,LES_048,2024-03-27 22:29:00,2024-03-27 23:17:00,DEV_043,v1.0,0
EVT_00081,STU_0270,LES_016,2024-04-02 14:03:00,2024-04-02 14:08:00,DEV_005,v4.0,0
EVT_00500,STU_0119,LES_037,2024-04-24 21:07:00,2024-04-24 21:37:00,DEV_049,v3.0,0
EVT_00406,STU_0109,LES_047,2024-03-24 13:22:00,2024-03-24 13:27:00,DEV_004,v4.0,0
EVT_00569,STU_0042,LES_047,2024-06-13 21:09:00,2024-06-13 21:35:00,DEV_020,v2.0,0
EVT_00417,STU_0152,LES_008,2024-04-16 02:16:00,2024-04-16 02:53:00,DEV_019,v3.0,0
EVT_00247,STU_0295,LES_021,2024-06-25 11:43:00,2024-06-25 12:30:00,DEV_041,v1.0,0
EVT_00575,STU_0162,LES_012,2024-05-29 00:35:00,2024-05-29 01:01:00,DEV_014,v3.0,0
EVT_00093,STU_0289,LES_001,2024-05-26 21:50:00,2024-05-26 22:47:00,DEV_048,v1.0,0
EVT_00693,STU_0212,LES_029,2024-06-17 09:13:00,2024-06-17 09:48:00,DEV_030,v4.0,0
EVT_00117,STU_0042,LES_039,2024-06-17 07:38:00,2024-06-17 08:28:00,DEV_019,v4.0,0
EVT_00840,STU_0076,LES_036,2024-03-25 00:48:00,2024-03-25 01:40:00,DEV_049,v3.0,0
EVT_00998,STU_0108,LES_027,2024-07-05 05:14:00,2024-07-05 05:41:00,DEV_032,v2.0,0
EVT_00776,STU_0247,LES_031,2024-06-07 23:10:00,2024-06-08 00:05:00,DEV_043,v2.0,0
EVT_00409,STU_0177,LES_042,2024-02-27 13:26:00,2024-02-27 14:19:00,DEV_021,v1.0,0
EVT_00370,STU_0078,LES_033,2024-01-14 11:13:00,2024-01-14 11:21:00,DEV_024,v3.0,0
EVT_00074,STU_0228,LES_002,2024-03-19 15:31:00,2024-03-19 16:17:00,DEV_012,v3.0,0
EVT_00027,STU_0063,LES_045,2024-04-19 22:33:00,2024-04-19 22:33:00,DEV_026,v1.0,0
EVT_00260,STU_0277,LES_043,2024-05-25 06:59:00,2024-05-25 07:58:00,DEV_009,v1.0,0
EVT_00618,STU_0220,LES_049,2024-01-09 15:53:00,2024-01-09 16:29:00,DEV_005,v3.0,0
EVT_00968,STU_0087,LES_035,2024-07-17 07:16:00,2024-07-17 08:10:00,DEV_025,v3.0,0
EVT_00273,STU_0162,LES_045,2024-03-26 13:40:00,2024-03-26 14:35:00,DEV_003,v2.0,0
EVT_00552,STU_0124,LES_037,2024-01-29 03:14:00,2024-01-29 04:05:00,DEV_046,v4.0,0
EVT_00284,STU_0225,LES_032,2024-03-12 02:26:00,2024-03-12 02:33:00,DEV_005,v1.0,0
EVT_00238,STU_0201,LES_009,2024-03-08 17:38:00,2024-03-08 18:06:00,DEV_032,v1.0,0
EVT_00820,STU_0107,LES_003,2024-07-06 07:21:00,2024-07-06 07:30:00,DEV_020,v3.0,0
EVT_00397,STU_0161,LES_011,2024-01-16 05:37:00,2024-01-16 06:36:00,DEV_010,v2.0,0
EVT_00403,STU_0150,LES_011,2024-07-04 20:08:00,2024-07-04 20:34:00,DEV_007,v1.0,0
EVT_00719,STU_0026,LES_025,2024-06-02 02:33:00,2024-06-02 03:26:00,DEV_018,v4.0,0
EVT_00424,STU_0118,LES_041,2024-07-17 11:57:00,2024-07-17 12:20:00,DEV_002,v1.0,0
EVT_00212,STU_0210,LES_042,2024-02-29 07:47:00,2024-02-29 07:53:00,DEV_007,v4.0,0
EVT_00429,STU_0060,LES_011,2024-05-01 10:18:00,2024-05-01 10:52:00,DEV_043,v2.0,0
EVT_00090,STU_0129,LES_008,2024-06-05 22:55:00,2024-06-05 23:46:00,DEV_022,v3.0,0
EVT_00775,STU_0059,LES_009,2024-03-08 03:18:00,2024-03-08 04:11:00,DEV_024,v4.0,0
EVT_00474,STU_0065,LES_031,2024-02-26 01:45:00,2024-02-26 02:23:00,DEV_009,v2.0,0
EVT_00278,STU_0064,LES_027,2024-04-26 04:26:00,2024-04-26 05:17:00,DEV_012,v2.0,0
EVT_00794,STU_0087,LES_009,2024-03-21 08:28:00,2024-03-21 08:51:00,DEV_007,v2.0,0
EVT_00391,STU_0073,LES_045,2024-02-15 10:17:00,2024-02-15 10:27:00,DEV_048,v2.0,0
EVT_00525,STU_0249,LES_014,2024-01-13 15:02:00,2024-01-13 16:01:00,DEV_015,v3.0,0
EVT_00721,STU_0177,LES_003,2024-04-16 17:52:00,2024-04-16 18:31:00,DEV_008,v4.0,0
EVT_00902,STU_0092,LES_029,2024-01-12 05:32:00,2024-01-12 06:13:00,DEV_045,v4.0,0
EVT_00259,STU_0213,LES_049,2024-05-06 03:42:00,2024-05-06 04:10:00,DEV_038,v4.0,0
EVT_00261,STU_0122,LES_030,2024-07-06 23:07:00,2024-07-06 23:14:00,DEV_003,v4.0,0
EVT_00973,STU_0197,LES_010,2024-01-06 01:54:00,2024-01-06 01:59:00,DEV_020,v1.0,0
EVT_00235,STU_0264,LES_002,2024-04-14 19:10:00,2024-04-14 19:30:00,DEV_029,v2.0,0
EVT_00763,STU_0151,LES_016,2024-07-07 04:14:00,2024-07-07 04:34:00,DEV_031,v1.0,0
EVT_00069,STU_0238,LES_036,2024-06-21 05:08:00,2024-06-21 06:03:00,DEV_044,v2.0,0
EVT_00072,STU_0213,LES_031,2024-07-04 15:56:00,2024-07-04 16:37:00,DEV_004,v4.0,0
EVT_00708,STU_0071,LES_026,2024-06-06 15:16:00,2024-06-06 15:37:00,DEV_033,v2.0,0
EVT_00720,STU_0181,LES_003,2024-07-12 13:29:00,2024-07-12 14:17:00,DEV_033,v4.0,0
EVT_00571,STU_0073,LES_012,2024-03-30 03:20:00,2024-03-30 03:58:00,DEV_048,v4.0,0
EVT_00756,STU_0182,LES_013,2024-03-23 21:22:00,2024-03-23 21:38:00,DEV_002,v3.0,0
EVT_00723,STU_0025,LES_010,2024-04-27 07:43:00,2024-04-27 07:55:00,DEV_029,v3.0,0
EVT_00925,STU_0077,LES_018,2024-05-30 07:25:00,2024-05-30 08:08:00,DEV_040,v2.0,0
EVT_00752,STU_0254,LES_024,2024-03-12 05:08:00,2024-03-12 05:08:00,DEV_049,v3.0,0
EVT_00567,STU_0144,LES_002,2024-02-29 11:33:00,2024-02-29 12:15:00,DEV_028,v1.0,0
EVT_00089,STU_0151,LES_045,2024-02-21 22:39:00,2024-02-21 23:38:00,DEV_008,v2.0,0
EVT_00227,STU_0039,LES_009,2024-04-08 14:04:00,2024-04-08 14:59:00,DEV_033,v2.0,0
EVT_00050,STU_0285,LES_029,2024-03-15 14:43:00,2024-03-15 15:34:00,DEV_014,v4.0,0
EVT_00126,STU_0144,LES_030,2024-01-23 05:47:00,2024-01-23 06:45:00,DEV_005,v4.0,0
EVT_00360,STU_0228,LES_039,2024-01-16 08:23:00,2024-01-16 09:21:00,DEV_021,v4.0,0
EVT_00373,STU_0151,LES_002,2024-04-29 17:25:00,2024-04-29 18:06:00,DEV_008,v3.0,0
EVT_00320,STU_0224,LES_025,2024-02-02 00:54:00,2024-02-02 01:50:00,DEV_012,v4.0,0
EVT_00222,STU_0075,LES_023,2024-06-24 14:55:00,2024-06-24 15:04:00,DEV_044,v3.0,0
EVT_00745,STU_0246,LES_044,2024-03-26 09:15:00,2024-03-26 09:25:00,DEV_017,v3.0,0
EVT_00892,STU_0177,LES_026,2024-05-12 08:53:00,2024-05-12 09:25:00,DEV_033,v3.0,0
EVT_00025,STU_0140,LES_037,2024-03-01 15:38:00,2024-03-01 16:21:00,DEV_046,v4.0,0
EVT_00338,STU_0299,LES_016,2024-07-12 15:29:00,2024-07-12 15:46:00,DEV_042,v4.0,0
EVT_00375,STU_0124,LES_033,2024-04-22 17:15:00,2024-04-22 17:30:00,DEV_005,v3.0,0
EVT_00994,STU_0039,LES_037,2024-06-26 02:41:00,2024-06-26 03:25:00,DEV_033,v3.0,0
EVT_00252,STU_0174,LES_023,2024-06-06 16:44:00,2024-06-06 17:37:00,DEV_047,v4.0,0
EVT_00444,STU_0264,LES_011,2024-06-30 14:52:00,2024-06-30 14:52:00,DEV_048,v3.0,0
EVT_00140,STU_0043,LES_002,2024-02-29 11:02:00,2024-02-29 11:57:00,DEV_005,v3.0,0
EVT_00492,STU_0053,LES_023,2024-05-07 15:25:00,2024-05-07 16:21:00,DEV_009,v2.0,0
EVT_00108,STU_0263,LES_031,2024-04-17 17:42:00,2024-04-17 17:53:00,DEV_049,v2.0,0
EVT_00365,STU_0096,LES_039,2024-05-02 20:21:00,2024-05-02 20:48:00,DEV_039,v1.0,0
EVT_00748,STU_0298,LES_027,2024-03-14 01:49:00,2024-03-14 02:35:00,DEV_032,v2.0,0
EVT_00254,STU_0147,LES_047,2024-06-04 15:35:00,2024-06-04 16:12:00,DEV_012,v2.0,0
EVT_00300,STU_0022,LES_030,2024-07-09 04:19:00,2024-07-09 04:46:00,DEV_008,v2.0,0
EVT_00428,STU_0221,LES_042,2024-03-07 00:02:00,2024-03-07 00:46:00,DEV_004,v3.0,0
EVT_00918,STU_0246,LES_033,2024-07-18 03:35:00,2024-07-18 03:55:00,DEV_012,v1.0,0
EVT_00877,STU_0092,LES_037,2024-01-08 13:31:00,2024-01-08 13:40:00,DEV_005,v3.0,0
EVT_00896,STU_0273,LES_029,2024-07-04 01:09:00,2024-07-04 02:07:00,DEV_006,v2.0,0
EVT_00985,STU_0119,LES_022,2024-05-05 06:31:00,2024-05-05 07:02:00,DEV_033,v2.0,0
EVT_00686,STU_0056,LES_049,2024-01-13 17:21:00,2024-01-13 18:14:00,DEV_037,v3.0,0
EVT_00044,STU_0278,LES_004,2024-05-27 08:03:00,2024-05-27 08:03:00,DEV_027,v4.0,0
EVT_00171,STU_0030,LES_039,2024-04-17 23:10:00,2024-04-17 23:51:00,DEV_047,v4.0,0
EVT_00207,STU_0058,LES_028,2024-01-26 14:40:00,2024-01-26 14:40:00,DEV_025,v4.0,0
EVT_00109,STU_0298,LES_036,2024-03-24 23:28:00,2024-03-25 00:17:00,DEV_042,v3.0,0
EVT_00296,STU_0120,LES_027,2024-04-27 12:12:00,2024-04-27 12:55:00,DEV_001,v1.0,0
EVT_00626,STU_0188,LES_026,2024-04-21 15:36:00,2024-04-21 16:03:00,DEV_043,v2.0,0
EVT_00351,STU_0132,LES_023,2024-04-15 01:23:00,2024-04-15 02:19:00,DEV_045,v1.0,0
EVT_00137,STU_0025,LES_013,2024-04-26 08:01:00,2024-04-26 08:01:00,DEV_034,v4.0,0
EVT_00813,STU_0271,LES_014,2024-03-10 23:00:00,2024-03-10 23:07:00,DEV_003,v2.0,0
EVT_00616,STU_0098,LES_029,2024-01-22 19:55:00,2024-01-22 20:41:00,DEV_025,v3.0,0
EVT_00907,STU_0294,LES_023,2024-05-28 12:40:00,2024-05-28 13:11:00,DEV_042,v3.0,0
EVT_00288,STU_0019,LES_008,2024-01-26 01:52:00,2024-01-26 01:52:00,DEV_030,v3.0,0
EVT_00100,STU_0267,LES_035,2024-07-18 16:13:00,2024-07-18 17:03:00,DEV_009,v3.0,0
EVT_00931,STU_0137,LES_028,2024-06-29 13:48:00,2024-06-29 14:12:00,DEV_006,v3.0,0
EVT_00346,STU_0173,LES_029,2024-06-29 18:34:00,2024-06-29 18:39:00,DEV_001,v2.0,0
EVT_00725,STU_0090,LES_014,2024-07-17 19:44:00,2024-07-17 20:33:00,DEV_020,v3.0,0
EVT_00727,STU_0044,LES_033,2024-01-13 14:53:00,2024-01-13 15:23:00,DEV_021,v4.0,0
EVT_00412,STU_0285,LES_047,2024-06-13 10:52:00,2024-06-13 11:48:00,DEV_047,v4.0,0
EVT_00410,STU_0137,LES_006,2024-04-18 09:06:00,2024-04-18 09:51:00,DEV_005,v2.0,0
EVT_00489,STU_0002,LES_018,2024-05-24 21:49:00,2024-05-24 22:25:00,DEV_029,v2.0,0
EVT_00993,STU_0187,LES_029,2024-06-30 17:49:00,2024-06-30 18:01:00,DEV_020,v3.0,0
EVT_00674,STU_0079,LES_006,2024-01-27 04:30:00,2024-01-27 05:29:00,DEV_008,v3.0,0
EVT_00041,STU_0013,LES_046,2024-06-03 18:56:00,2024-06-03 19:40:00,DEV_031,v2.0,0
EVT_00122,STU_0300,LES_003,2024-03-26 19:13:00,2024-03-26 19:19:00,DEV_038,v1.0,0
EVT_00656,STU_0141,LES_012,2024-02-06 18:17:00,2024-02-06 18:30:00,DEV_007,v2.0,0
EVT_00804,STU_0027,LES_028,2024-01-18 11:18:00,2024-01-18 11:40:00,DEV_044,v4.0,0
EVT_00797,STU_0039,LES_036,2024-06-16 07:08:00,2024-06-16 07:08:00,DEV_025,v1.0,0
EVT_00832,STU_0092,LES_039,2024-02-14 10:59:00,2024-02-14 11:30:00,DEV_030,v2.0,0
EVT_00388,STU_0065,LES_019,2024-06-02 04:25:00,2024-06-02 04:51:00,DEV_048,v1.0,0
EVT_00782,STU_0045,LES_018,2024-03-02 06:59:00,2024-03-02 07:55:00,DEV_019,v1.0,0
EVT_00643,STU_0028,LES_041,2024-07-12 00:57:00,2024-07-12 00:57:00,DEV_006,v3.0,0
EVT_00622,STU_0008,LES_020,2024-06-23 09:56:00,2024-06-23 09:56:00,DEV_008,v3.0,0
EVT_00596,STU_0088,LES_016,2024-04-30 21:32:00,2024-04-30 22:30:00,DEV_004,v3.0,0
EVT_00929,STU_0007,LES_016,2024-01-16 08:43:00,2024-01-16 09:08:00,DEV_043,v4.0,0
EVT_00767,STU_0181,LES_033,2024-03-11 18:48:00,2024-03-11 19:43:00,DEV_010,v3.0,0
EVT_00219,STU_0265,LES_038,2024-06-26 10:45:00,2024-06-26 11:33:00,DEV_011,v2.0,0
EVT_00111,STU_0271,LES_010,2024-05-01 11:21:00,2024-05-01 11:41:00,DEV_049,v2.0,0
EVT_00332,STU_0202,LES_046,2024-05-20 20:46:00,2024-05-20 20:46:00,DEV_030,v2.0,0
EVT_00679,STU_0272,LES_049,2024-06-19 21:36:00,2024-06-19 22:35:00,DEV_002,v4.0,0
EVT_00067,STU_0022,LES_026,2024-05-06 08:34:00,2024-05-06 08:34:00,DEV_042,v2.0,0
EVT_00427,STU_0220,LES_049,2024-06-21 01:21:00,2024-06-21 02:10:00,DEV_015,v4.0,0
EVT_00437,STU_0002,LES_012,2024-04-24 14:17:00,2024-04-24 14:53:00,DEV_049,v4.0,0
EVT_00862,STU_0028,LES_013,2024-01-01 20:11:00,2024-01-01 21:03:00,DEV_030,v2.0,0
EVT_00131,STU_0262,LES_035,2024-05-29 02:22:00,2024-05-29 03:03:00,DEV_042,v4.0,0
EVT_00608,STU_0030,LES_030,2024-01-22 20:26:00,2024-01-22 20:42:00,DEV_030,v4.0,0
EVT_00459,STU_0090,LES_030,2024-01-13 16:12:00,2024-01-13 17:05:00,DEV_038,v2.0,0
EVT_00714,STU_0137,LES_004,2024-03-21 21:36:00,2024-03-21 22:28:00,DEV_030,v4.0,0
EVT_00116,STU_0254,LES_025,2024-01-02 22:23:00,2024-01-02 22:48:00,DEV_018,v3.0,0
EVT_00640,STU_0088,LES_047,2024-06-16 07:14:00,2024-06-16 08:08:00,DEV_048,v4.0,0
EVT_00731,STU_0192,LES_036,2024-01-22 17:21:00,2024-01-22 18:19:00,DEV_030,v1.0,0
EVT_00272,STU_0224,LES_048,2024-01-22 01:07:00,2024-01-22 01:52:00,DEV_049,v1.0,0
EVT_00008,STU_0154,LES_002,2024-03-13 11:52:00,2024-03-13 11:57:00,DEV_025,v1.0,0
EVT_00061,STU_0080,LES_022,2024-04-01 11:12:00,2024-04-01 11:48:00,DEV_033,v2.0,0
EVT_00055,STU_0027,LES_046,2024-02-19 03:18:00,2024-02-19 04:06:00,DEV_024,v4.0,0
EVT_00572,STU_0039,LES_002,2024-03-05 23:51:00,2024-03-05 23:57:00,DEV_031,v1.0,0
EVT_00861,STU_0002,LES_041,2024-05-06 07:34:00,2024-05-06 07:58:00,DEV_036,v4.0,0
EVT_00746,STU_0242,LES_038,2024-05-31 04:25:00,2024-05-31 04:50:00,DEV_006,v1.0,0
EVT_00791,STU_0093,LES_019,2024-05-07 20:16:00,2024-05-07 21:02:00,DEV_021,v3.0,0
EVT_00524,STU_0020,LES_006,2024-07-16 09:30:00,2024-07-16 09:52:00,DEV_004,v1.0,0
EVT_00766,STU_0226,LES_013,2024-04-12 10:17:00,2024-04-12 10:35:00,DEV_011,v2.0,0
EVT_00677,STU_0098,LES_018,2024-07-17 12:44:00,2024-07-17 13:02:00,DEV_008,v3.0,0
EVT_00364,STU_0217,LES_036,2024-03-21 08:08:00,2024-03-21 08:14:00,DEV_040,v3.0,0
EVT_00757,STU_0108,LES_028,2024-03-22 09:48:00,2024-03-22 10:04:00,DEV_002,v3.0,0
EVT_00927,STU_0101,LES_034,2024-03-24 15:20:00,2024-03-24 15:34:00,DEV_024,v1.0,0
EVT_00863,STU_0036,LES_025,2024-03-20 09:54:00,2024-03-20 10:49:00,DEV_022,v4.0,0
EVT_00680,STU_0085,LES_039,2024-04-03 23:33:00,2024-04-04 00:02:00,DEV_005,v1.0,0
EVT_00157,STU_0028,LES_043,2024-07-04 21:24:00,2024-07-04 22:22:00,DEV_032,v4.0,0
EVT_00502,STU_0186,LES_035,2024-04-13 13:15:00,2024-04-13 13:37:00,DEV_048,v4.0,0
EVT_00612,STU_0229,LES_012,2024-04-27 14:21:00,2024-04-27 14:21:00,DEV_009,v2.0,0
EVT_00637,STU_0214,LES_021,2024-01-26 01:24:00,2024-01-26 01:29:00,DEV_006,v3.0,0
EVT_00064,STU_0106,LES_044,2024-02-18 05:16:00,2024-02-18 05:26:00,DEV_009,v2.0,0
EVT_00175,STU_0086,LES_042,2024-03-30 05:13:00,2024-03-30 05:13:00,DEV_017,v2.0,0
EVT_00987,STU_0064,LES_029,2024-04-23 00:19:00,2024-04-23 00:39:00,DEV_019,v4.0,0
EVT_00801,STU_0288,LES_009,2024-01-15 15:19:00,2024-01-15 15:58:00,DEV_022,v3.0,0
EVT_00905,STU_0243,LES_002,2024-05-31 20:38:00,2024-05-31 21:13:00,DEV_040,v2.0,0
EVT_00318,STU_0228,LES_026,2024-03-05 01:58:00,2024-03-05 02:49:00,DEV_017,v4.0,0
EVT_00301,STU_0012,LES_031,2024-02-03 14:09:00,2024-02-03 14:24:00,DEV_041,v4.0,0
EVT_00516,STU_0188,LES_030,2024-01-11 01:47:00,2024-01-11 02:17:00,DEV_013,v3.0,0
EVT_00837,STU_0111,LES_018,2024-05-02 07:26:00,2024-05-02 08:01:00,DEV_028,v3.0,0
EVT_00206,STU_0232,LES_021,2024-03-19 10:27:00,2024-03-19 10:58:00,DEV_041,v4.0,0
EVT_00279,STU_0149,LES_011,2024-01-05 16:16:00,2024-01-05 17:01:00,DEV_046,v2.0,0
EVT_00934,STU_0285,LES_042,2024-01-17 03:51:00,2024-01-17 04:43:00,DEV_024,v1.0,0
EVT_00255,STU_0243,LES_015,2024-02-10 15:58:00,2024-02-10 16:12:00,DEV_002,v3.0,0
EVT_00015,STU_0117,LES_007,2024-05-16 14:42:00,2024-05-16 15:36:00,DEV_023,v1.0,0
EVT_00836,STU_0203,LES_027,2024-01-21 12:14:00,2024-01-21 12:20:00,DEV_027,v4.0,0
EVT_00866,STU_0300,LES_039,2024-02-16 00:38:00,2024-02-16 01:08:00,DEV_021,v1.0,0
EVT_00809,STU_0068,LES_015,2024-03-28 03:36:00,2024-03-28 04:11:00,DEV_012,v2.0,0
EVT_00307,STU_0217,LES_010,2024-06-23 00:22:00,2024-06-23 01:09:00,DEV_013,v1.0,0
EVT_00371,STU_0168,LES_019,2024-07-11 04:42:00,2024-07-11 05:26:00,DEV_013,v4.0,0
EVT_00063,STU_0194,LES_038,2024-04-12 01:29:00,2024-04-12 02:23:00,DEV_015,v2.0,0
EVT_00984,STU_0099,LES_047,2024-03-11 07:01:00,2024-03-11 07:50:00,DEV_039,v1.0,0
EVT_00059,STU_0095,LES_038,2024-02-01 00:10:00,2024-02-01 00:47:00,DEV_038,v1.0,0
EVT_00334,STU_0240,LES_011,2024-03-17 00:49:00,2024-03-17 01:21:00,DEV_044,v2.0,0
EVT_00981,STU_0284,LES_027,2024-05-22 03:42:00,2024-05-22 04:19:00,DEV_020,v2.0,0
EVT_00357,STU_0212,LES_003,2024-05-07 05:41:00,2024-05-07 06:13:00,DEV_012,v2.0,0
EVT_00800,STU_0210,LES_017,2024-01-30 05:43:00,2024-01-30 06:10:00,DEV_017,v1.0,0
EVT_00970,STU_0295,LES_043,2024-06-11 09:20:00,2024-06-11 09:32:00,DEV_037,v3.0,0
EVT_00436,STU_0094,LES_030,2024-05-17 04:59:00,2024-05-17 05:19:00,DEV_017,v2.0,0
EVT_00244,STU_0218,LES_027,2024-05-15 23:23:00,2024-05-15 23:56:00,DEV_045,v1.0,0
EVT_00264,STU_0196,LES_037,2024-02-25 13:52:00,2024-02-25 14:16:00,DEV_019,v1.0,0
EVT_00579,STU_0199,LES_046,2024-02-01 23:44:00,2024-02-02 00:35:00,DEV_044,v2.0,0
EVT_00224,STU_0248,LES_028,2024-02-16 07:33:00,2024-02-16 07:38:00,DEV_008,v3.0,0
EVT_00209,STU_0167,LES_023,2024-03-29 06:18:00,2024-03-29 06:41:00,DEV_005,v3.0,0
EVT_00483,STU_0185,LES_006,2024-02-01 15:05:00,2024-02-01 15:21:00,DEV_049,v3.0,0
EVT_00469,STU_0110,LES_008,2024-04-02 14:21:00,2024-04-02 14:21:00,DEV_010,v3.0,0
EVT_00251,STU_0240,LES_033,2024-02-14 10:01:00,2024-02-14 10:10:00,DEV_008,v1.0,0
EVT_00793,STU_0172,LES_045,2024-04-07 20:07:00,2024-04-07 20:34:00,DEV_006,v3.0,0
EVT_00158,STU_0138,LES_038,2024-04-20 16:31:00,2024-04-20 16:52:00,DEV_031,v4.0,0
EVT_00859,STU_0075,LES_018,2024-04-12 04:56:00,2024-04-12 05:23:00,DEV_007,v3.0,0
EVT_00033,STU_0226,LES_024,2024-05-03 16:14:00,2024-05-03 16:14:00,DEV_005,v4.0,0
EVT_00352,STU_0041,LES_048,2024-05-26 01:51:00,2024-05-26 02:23:00,DEV_046,v1.0,0
EVT_00143,STU_0252,LES_033,2024-01-04 13:04:00,2024-01-04 14:00:00,DEV_029,v4.0,0
EVT_00759,STU_0271,LES_037,2024-05-20 22:33:00,2024-05-20 23:18:00,DEV_046,v2.0,0
EVT_00884,STU_0003,LES_026,2024-02-26 02:05:00,2024-02-26 02:15:00,DEV_043,v4.0,0
EVT_00613,STU_0247,LES_029,2024-06-09 12:26:00,2024-06-09 12:45:00,DEV_002,v4.0,0
EVT_00687,STU_0295,LES_042,2024-03-19 10:57:00,2024-03-19 11:52:00,DEV_030,v2.0,0
EVT_00058,STU_0072,LES_011,2024-03-04 12:00:00,2024-03-04 12:00:00,DEV_018,v2.0,0
EVT_00781,STU_0016,LES_037,2024-05-28 19:28:00,2024-05-28 19:45:00,DEV_019,v2.0,0
EVT_00576,STU_0217,LES_032,2024-06-09 15:40:00,2024-06-09 16:02:00,DEV_038,v3.0,0
EVT_00876,STU_0255,LES_020,2024-02-27 01:51:00,2024-02-27 02:33:00,DEV_013,v4.0,0
EVT_00245,STU_0142,LES_035,2024-06-24 12:28:00,2024-06-24 13:21:00,DEV_013,v1.0,0
EVT_00599,STU_0164,LES_014,2024-03-18 13:17:00,2024-03-18 13:24:00,DEV_016,v2.0,0
EVT_00368,STU_0175,LES_045,2024-07-01 03:11:00,2024-07-01 03:18:00,DEV_026,v3.0,0
EVT_00581,STU_0245,LES_031,2024-04-08 13:04:00,2024-04-08 13:54:00,DEV_023,v4.0,0
EVT_00908,STU_0198,LES_044,2024-04-09 17:20:00,2024-04-09 18:04:00,DEV_003,v4.0,0
EVT_00663,STU_0232,LES_008,2024-03-20 09:54:00,2024-03-20 10:43:00,DEV_013,v3.0,0
EVT_00744,STU_0020,LES_024,2024-03-27 02:14:00,2024-03-27 02:44:00,DEV_038,v2.0,0
EVT_00760,STU_0143,LES_042,2024-05-06 17:43:00,2024-05-06 18:22:00,DEV_015,v4.0,0
EVT_00539,STU_0251,LES_042,2024-01-03 23:36:00,2024-01-04 00:03:00,DEV_014,v1.0,0
EVT_00039,STU_0045,LES_031,2024-01-23 07:05:00,2024-01-23 07:52:00,DEV_030,v3.0,0
EVT_00916,STU_0291,LES_012,2024-04-03 04:20:00,2024-04-03 05:03:00,DEV_013,v1.0,0
EVT_00592,STU_0267,LES_026,2024-02-11 06:50:00,2024-02-11 07:28:00,DEV_043,v3.0,0
EVT_00102,STU_0153,LES_012,2024-05-12 05:03:00,2024-05-12 05:51:00,DEV_036,v3.0,0
EVT_00256,STU_0266,LES_014,2024-02-20 19:01:00,2024-02-20 19:44:00,DEV_028,v3.0,0
EVT_00304,STU_0157,LES_028,2024-05-18 10:32:00,2024-05-18 10:55:00,DEV_009,v3.0,0
EVT_00480,STU_0077,LES_026,2024-01-14 05:09:00,2024-01-14 05:52:00,DEV_008,v1.0,0
EVT_00762,STU_0151,LES_029,2024-03-25 08:15:00,2024-03-25 09:08:00,DEV_027,v3.0,0
EVT_00076,STU_0100,LES_048,2024-03-27 22:01:00,2024-03-27 22:19:00,DEV_002,v3.0,0
EVT_00399,STU_0091,LES_046,2024-01-08 11:30:00,2024-01-08 11:51:00,DEV_009,v1.0,0
EVT_00482,STU_0131,LES_045,2024-05-29 10:07:00,2024-05-29 10:19:00,DEV_008,v2.0,0
EVT_00655,STU_0117,LES_011,2024-04-08 08:04:00,2024-04-08 08:21:00,DEV_036,v4.0,0
EVT_00205,STU_0020,LES_026,2024-05-06 18:11:00,2024-05-06 18:37:00,DEV_015,v4.0,0
EVT_00407,STU_0283,LES_042,2024-01-23 04:36:00,2024-01-23 05:32:00,DEV_024,v1.0,0
EVT_00743,STU_0253,LES_014,2024-06-30 16:20:00,2024-06-30 17:08:00,DEV_030,v3.0,0
EVT_00847,STU_0265,LES_015,2024-04-03 23:37:00,2024-04-03 23:57:00,DEV_036,v4.0,0
EVT_00824,STU_0162,LES_003,2024-07-18 09:02:00,2024-07-18 09:13:00,DEV_045,v2.0,0
EVT_00347,STU_0154,LES_045,2024-05-27 21:29:00,2024-05-27 22:14:00,DEV_041,v1.0,0
EVT_00240,STU_0147,LES_026,2024-02-21 10:04:00,2024-02-21 10:29:00,DEV_038,v4.0,0
EVT_00672,STU_0224,LES_003,2024-04-25 10:10:00,2024-04-25 11:02:00,DEV_031,v3.0,0
EVT_00236,STU_0158,LES_012,2024-02-04 12:58:00,2024-02-04 13:52:00,DEV_021,v3.0,0
EVT_00488,STU_0187,LES_013,2024-06-15 20:52:00,2024-06-15 21:21:00,DEV_016,v3.0,0
EVT_00358,STU_0239,LES_041,2024-07-15 22:46:00,2024-07-15 23:20:00,DEV_037,v1.0,0
EVT_00172,STU_0186,LES_016,2024-03-12 02:08:00,2024-03-12 02:15:00,DEV_001,v4.0,0
EVT_00827,STU_0070,LES_038,2024-05-09 03:33:00,2024-05-09 03:52:00,DEV_049,v1.0,0
EVT_00004,STU_0193,LES_036,2024-04-24 13:13:00,2024-04-24 13:13:00,DEV_011,v4.0,0
EVT_00770,STU_0098,LES_036,2024-04-10 16:02:00,2024-04-10 16:59:00,DEV_018,v3.0,0
EVT_00773,STU_0218,LES_017,2024-04-21 04:10:00,2024-04-21 04:10:00,DEV_035,v2.0,0
EVT_00580,STU_0261,LES_045,2024-01-27 06:11:00,2024-01-27 06:29:00,DEV_015,v3.0,0
EVT_00291,STU_0194,LES_040,2024-01-23 21:28:00,2024-01-23 21:46:00,DEV_004,v2.0,0
EVT_00526,STU_0063,LES_043,2024-06-11 22:40:00,2024-06-11 23:04:00,DEV_036,v3.0,0
EVT_00528,STU_0065,LES_035,2024-02-01 19:47:00,2024-02-01 20:05:00,DEV_037,v4.0,0
EVT_00986,STU_0298,LES_012,2024-04-21 21:01:00,2024-04-21 21:53:00,DEV_008,v3.0,0
EVT_00976,STU_0056,LES_004,2024-01-30 12:59:00,2024-01-30 13:16:00,DEV_031,v2.0,0
EVT_00870,STU_0270,LES_012,2024-04-08 23:32:00,2024-04-09 00:18:00,DEV_032,v2.0,0
EVT_00190,STU_0126,LES_039,2024-02-08 16:49:00,2024-02-08 17:17:00,DEV_036,v2.0,0
EVT_00960,STU_0281,LES_014,2024-04-17 13:12:00,2024-04-17 14:11:00,DEV_015,v4.0,0
EVT_00142,STU_0083,LES_009,2024-04-08 02:28:00,2024-04-08 03:18:00,DEV_007,v4.0,0
EVT_00874,STU_0082,LES_049,2024-06-20 20:54:00,2024-06-20 21:12:00,DEV_003,v3.0,0
EVT_00893,STU_0279,LES_033,2024-01-18 01:56:00,2024-01-18 02:16:00,DEV_013,v3.0,0
EVT_00342,STU_0091,LES_022,2024-04-10 19:38:00,2024-04-10 19:38:00,DEV_003,v4.0,0
EVT_00620,STU_0123,LES_047,2024-05-10 22:42:00,2024-05-10 23:15:00,DEV_015,v3.0,0
EVT_00003,STU_0173,LES_017,2024-06-02 16:20:00,2024-06-02 17:10:00,DEV_002,v4.0,0
EVT_00223,STU_0271,LES_027,2024-06-11 04:48:00,2024-06-11 05:08:00,DEV_034,v2.0,0
EVT_00136,STU_0270,LES_001,2024-04-19 05:35:00,2024-04-19 06:31:00,DEV_003,v3.0,0
EVT_00200,STU_0289,LES_017,2024-05-31 09:32:00,2024-05-31 10:19:00,DEV_041,v3.0,0
EVT_00563,STU_0004,LES_007,2024-06-02 05:05:00,2024-06-02 05:26:00,DEV_033,v3.0,0
EVT_00443,STU_0217,LES_046,2024-07-05 07:34:00,2024-07-05 08:16:00,DEV_018,v2.0,0
EVT_00619,STU_0197,LES_042,2024-02-22 07:59:00,2024-02-22 08:42:00,DEV_015,v3.0,0
EVT_00649,STU_0045,LES_006,2024-01-21 18:13:00,2024-01-21 19:05:00,DEV_043,v3.0,0
EVT_00210,STU_0267,LES_012,2024-03-14 00:07:00,2024-03-14 00:39:00,DEV_041,v4.0,0
EVT_00501,STU_0164,LES_013,2024-02-21 21:51:00,2024-02-21 22:31:00,DEV_046,v3.0,0
EVT_00826,STU_0199,LES_039,2024-05-24 06:34:00,2024-05-24 07:01:00,DEV_027,v2.0,0
EVT_00923,STU_0029,LES_023,2024-01-14 18:22:00,2024-01-14 18:51:00,DEV_021,v1.0,0
EVT_00911,STU_0161,LES_039,2024-04-03 19:57:00,2024-04-03 19:57:00,DEV_028,v4.0,0
EVT_00790,STU_0182,LES_025,2024-06-04 10:31:00,2024-06-04 11:22:00,DEV_006,v1.0,0
EVT_00031,STU_0098,LES_011,2024-04-14 15:51:00,2024-04-14 16:23:00,DEV_029,v1.0,0
EVT_00310,STU_0028,LES_041,2024-04-08 22:06:00,2024-04-08 22:24:00,DEV_035,v4.0,0
EVT_00433,STU_0220,LES_006,2024-06-05 06:40:00,2024-06-05 07:15:00,DEV_003,v1.0,0
EVT_00418,STU_0175,LES_042,2024-07-11 15:45:00,2024-07-11 16:02:00,DEV_001,v2.0,0
EVT_00897,STU_0140,LES_035,2024-05-21 21:41:00,2024-05-21 22:33:00,DEV_007,v4.0,0
EVT_00812,STU_0252,LES_039,2024-04-28 11:49:00,2024-04-28 12:38:00,DEV_034,v4.0,0
EVT_00556,STU_0022,LES_047,2024-06-12 14:00:00,2024-06-12 14:23:00,DEV_038,v2.0,0
EVT_00274,STU_0109,LES_049,2024-03-25 15:41:00,2024-03-25 16:06:00,DEV_044,v3.0,0
EVT_00711,STU_0199,LES_013,2024-01-15 20:38:00,2024-01-15 21:08:00,DEV_033,v3.0,0
EVT_00478,STU_0211,LES_007,2024-02-17 17:21:00,2024-02-17 18:04:00,DEV_004,v3.0,0
EVT_00733,STU_0053,LES_043,2024-04-10 13:35:00,2024-04-10 13:44:00,DEV_011,v3.0,0
EVT_00451,STU_0211,LES_023,2024-05-31 10:50:00,2024-05-31 11:49:00,DEV_028,v1.0,0
EVT_00924,STU_0279,LES_043,2024-07-04 06:37:00,2024-07-04 07:11:00,DEV_019,v1.0,0
EVT_00845,STU_0097,LES_007,2024-03-04 08:05:00,2024-03-04 09:00:00,DEV_021,v4.0,0
EVT_00045,STU_0017,LES_012,2024-05-29 06:40:00,2024-05-29 06:45:00,DEV_022,v2.0,0
EVT_00742,STU_0139,LES_036,2024-01-10 07:48:00,2024-01-10 08:00:00,DEV_036,v1.0,0
EVT_00038,STU_0181,LES_042,2024-04-09 03:10:00,2024-04-09 03:21:00,DEV_005,v3.0,0
EVT_00736,STU_0267,LES_038,2024-03-12 07:51:00,2024-03-12 08:50:00,DEV_014,v3.0,0
EVT_00507,STU_0195,LES_027,2024-04-22 04:30:00,2024-04-22 05:15:00,DEV_044,v2.0,0
EVT_00926,STU_0073,LES_033,2024-06-08 00:16:00,2024-06-08 00:26:00,DEV_035,v4.0,0
EVT_00685,STU_0284,LES_042,2024-04-14 03:47:00,2024-04-14 04:07:00,DEV_034,v3.0,0
EVT_00941,STU_0194,LES_008,2024-06-05 19:22:00,2024-06-05 20:21:00,DEV_014,v2.0,0
EVT_00355,STU_0181,LES_023,2024-04-18 09:40:00,2024-04-18 10:37:00,DEV_041,v1.0,0
EVT_00624,STU_0102,LES_034,2024-06-17 23:51:00,2024-06-18 00:39:00,DEV_001,v2.0,0
EVT_00920,STU_0172,LES_009,2024-05-07 11:29:00,2024-05-07 12:05:00,DEV_015,v4.0,0
EVT_00060,STU_0267,LES_022,2024-06-27 18:31:00,2024-06-27 18:47:00,DEV_046,v4.0,0
EVT_00806,STU_0201,LES_046,2024-07-18 21:18:00,2024-07-18 21:40:00,DEV_005,v2.0,0
EVT_00961,STU_0027,LES_040,2024-03-14 20:14:00,2024-03-14 20:37:00,DEV_028,v1.0,0
EVT_00421,STU_0103,LES_001,2024-03-02 08:48:00,2024-03-02 08:55:00,DEV_015,v1.0,0
EVT_00932,STU_0055,LES_001,2024-04-10 20:21:00,2024-04-10 21:12:00,DEV_015,v1.0,0
EVT_00378,STU_0047,LES_039,2024-07-14 04:48:00,2024-07-14 05:46:00,DEV_007,v3.0,0
EVT_00681,STU_0148,LES_016,2024-02-20 19:48:00,2024-02-20 19:57:00,DEV_042,v1.0,0
EVT_00726,STU_0068,LES_026,2024-01-02 06:37:00,2024-01-02 07:30:00,DEV_012,v2.0,0
EVT_00096,STU_0098,LES_038,2024-05-11 00:18:00,2024-05-11 00:40:00,DEV_013,v1.0,0
EVT_00780,STU_0044,LES_031,2024-07-04 21:09:00,2024-07-04 21:28:00,DEV_023,v4.0,0
EVT_00450,STU_0019,LES_043,2024-07-12 01:13:00,2024-07-12 01:42:00,DEV_020,v4.0,0
EVT_00112,STU_0293,LES_004,2024-02-19 11:03:00,2024-02-19 11:46:00,DEV_010,v1.0,0
EVT_00966,STU_0236,LES_040,2024-05-26 02:34:00,2024-05-26 02:34:00,DEV_033,v2.0,0
EVT_00559,STU_0300,LES_034,2024-03-17 10:48:00,2024-03-17 10:59:00,DEV_004,v3.0,0
EVT_00456,STU_0193,LES_015,2024-04-13 06:45:00,2024-04-13 07:36:00,DEV_017,v1.0,0
EVT_00182,STU_0211,LES_022,2024-05-31 18:52:00,2024-05-31 19:34:00,DEV_031,v4.0,0
EVT_00851,STU_0042,LES_007,2024-02-11 11:15:00,2024-02-11 12:05:00,DEV_002,v1.0,0
EVT_00085,STU_0293,LES_020,2024-01-26 13:16:00,2024-01-26 13:55:00,DEV_006,v1.0,0
EVT_00611,STU_0101,LES_018,2024-04-04 23:00:00,2024-04-04 23:00:00,DEV_042,v1.0,0
EVT_00865,STU_0292,LES_018,2024-06-26 15:13:00,2024-06-26 15:38:00,DEV_036,v4.0,0
EVT_00491,STU_0055,LES_017,2024-06-16 10:27:00,2024-06-16 11:23:00,DEV_010,v4.0,0
EVT_00419,STU_0093,LES_048,2024-02-17 04:04:00,2024-02-17 04:37:00,DEV_039,v4.0,0
EVT_00969,STU_0252,LES_046,2024-05-31 22:05:00,2024-05-31 22:05:00,DEV_048,v4.0,0
EVT_00848,STU_0037,LES_022,2024-03-11 23:50:00,2024-03-12 00:23:00,DEV_016,v2.0,0
EVT_00073,STU_0020,LES_024,2024-02-19 15:46:00,2024-02-19 16:26:00,DEV_034,v4.0,0
EVT_00889,STU_0215,LES_027,2024-02-09 00:25:00,2024-02-09 00:48:00,DEV_042,v1.0,0
EVT_00194,STU_0182,LES_031,2024-04-15 03:24:00,2024-04-15 03:37:00,DEV_045,v4.0,0
EVT_00322,STU_0160,LES_011,2024-01-08 03:44:00,2024-01-08 03:56:00,DEV_045,v2.0,0
EVT_00217,STU_0102,LES_031,2024-02-28 04:06:00,2024-02-28 04:15:00,DEV_025,v3.0,0
EVT_00013,STU_0268,LES_015,2024-02-28 08:08:00,2024-02-28 08:59:00,DEV_032,v2.0,0
EVT_00047,STU_0251,LES_035,2024-06-28 06:20:00,2024-06-28 06:53:00,DEV_011,v1.0,0
EVT_00828,STU_0072,LES_037,2024-02-18 17:55:00,2024-02-18 18:49:00,DEV_047,v1.0,0
EVT_00484,STU_0287,LES_029,2024-03-09 05:07:00,2024-03-09 05:52:00,DEV_031,v2.0,0
EVT_00610,STU_0090,LES_045,2024-05-13 09:41:00,2024-05-13 10:09:00,DEV_022,v3.0,0
EVT_00764,STU_0300,LES_012,2024-03-30 05:56:00,2024-03-30 06:33:00,DEV_028,v1.0,0
EVT_00995,STU_0123,LES_044,2024-02-03 04:01:00,2024-02-03 04:54:00,DEV_023,v2.0,0
EVT_00159,STU_0256,LES_040,2024-06-01 05:28:00,2024-06-01 06:22:00,DEV_003,v1.0,0
EVT_00019,STU_0004,LES_029,2024-06-01 23:40:00,2024-06-02 00:00:00,DEV_045,v2.0,0
EVT_00345,STU_0117,LES_030,2024-06-11 23:02:00,2024-06-11 23:20:00,DEV_017,v2.0,0
EVT_00544,STU_0173,LES_007,2024-07-10 14:53:00,2024-07-10 15:09:00,DEV_042,v2.0,0
EVT_00699,STU_0162,LES_046,2024-07-14 20:29:00,2024-07-14 20:40:00,DEV_032,v3.0,0
EVT_00523,STU_0058,LES_049,2024-05-30 20:40:00,2024-05-30 21:31:00,DEV_005,v2.0,0
EVT_00786,STU_0030,LES_021,2024-02-18 19:28:00,2024-02-18 20:03:00,DEV_040,v2.0,0
EVT_00988,STU_0166,LES_038,2024-06-29 14:20:00,2024-06-29 14:50:00,DEV_031,v4.0,0
EVT_00860,STU_0039,LES_003,2024-01-07 00:48:00,2024-01-07 01:29:00,DEV_048,v3.0,0
EVT_00913,STU_0227,LES_002,2024-04-12 01:40:00,2024-04-12 01:49:00,DEV_045,v1.0,0
EVT_00414,STU_0094,LES_022,2024-02-02 23:57:00,2024-02-02 23:57:00,DEV_043,v4.0,0
EVT_00668,STU_0059,LES_007,2024-05-16 11:08:00,2024-05-16 12:06:00,DEV_004,v3.0,0
EVT_00331,STU_0122,LES_021,2024-02-15 07:32:00,2024-02-15 07:58:00,DEV_018,v2.0,0
EVT_00855,STU_0209,LES_001,2024-04-26 10:27:00,2024-04-26 11:12:00,DEV_047,v3.0,0
EVT_00517,STU_0220,LES_030,2024-04-12 11:37:00,2024-04-12 12:28:00,DEV_034,v3.0,0
EVT_00241,STU_0157,LES_004,2024-02-24 05:47:00,2024-02-24 06:13:00,DEV_012,v1.0,0
EVT_00179,STU_0260,LES_045,2024-01-20 04:32:00,2024-01-20 04:40:00,DEV_029,v2.0,0
EVT_00919,STU_0039,LES_025,2024-06-22 04:15:00,2024-06-22 04:15:00,DEV_024,v4.0,0
EVT_00145,STU_0092,LES_022,2024-01-14 07:34:00,2024-01-14 08:00:00,DEV_005,v2.0,0
EVT_00955,STU_0293,LES_034,2024-01-07 10:38:00,2024-01-07 11:21:00,DEV_039,v4.0,0
EVT_00950,STU_0262,LES_027,2024-03-22 14:15:00,2024-03-22 14:43:00,DEV_038,v2.0,0
EVT_00519,STU_0249,LES_042,2024-06-30 06:44:00,2024-06-30 07:10:00,DEV_038,v3.0,0
EVT_00445,STU_0276,LES_012,2024-02-12 15:56:00,2024-02-12 16:32:00,DEV_010,v3.0,0
EVT_00068,STU_0012,LES_023,2024-01-12 15:08:00,2024-01-12 16:03:00,DEV_019,v3.0,0
EVT_00115,STU_0143,LES_035,2024-07-17 19:43:00,2024-07-17 19:56:00,DEV_014,v1.0,0
EVT_00873,STU_0143,LES_006,2024-04-29 11:21:00,2024-04-29 11:21:00,DEV_029,v4.0,0
EVT_00154,STU_0069,LES_032,2024-06-20 07:28:00,2024-06-20 07:40:00,DEV_013,v4.0,0
EVT_00654,STU_0189,LES_031,2024-04-14 17:11:00,2024-04-14 18:01:00,DEV_009,v2.0,0
EVT_00178,STU_0024,LES_035,2024-06-02 13:41:00,2024-06-02 14:06:00,DEV_010,v2.0,0
EVT_00276,STU_0273,LES_035,2024-03-22 01:43:00,2024-03-22 02:11:00,DEV_019,v1.0,0
EVT_00675,STU_0190,LES_047,2024-04-14 16:23:00,2024-04-14 16:59:00,DEV_030,v4.0,0
EVT_00933,STU_0026,LES_014,2024-06-30 13:33:00,2024-06-30 14:08:00,DEV_024,v3.0,0
EVT_00379,STU_0215,LES_014,2024-05-26 02:07:00,2024-05-26 02:31:00,DEV_029,v4.0,0
EVT_00166,STU_0149,LES_013,2024-05-28 05:01:00,2024-05-28 05:12:00,DEV_023,v4.0,0
EVT_00147,STU_0138,LES_023,2024-02-27 15:00:00,2024-02-27 15:25:00,DEV_026,v2.0,0
EVT_00114,STU_0108,LES_034,2024-06-09 10:30:00,2024-06-09 10:56:00,DEV_048,v1.0,0
EVT_00325,STU_0119,LES_005,2024-02-25 10:07:00,2024-02-25 10:22:00,DEV_015,v4.0,0
EVT_00834,STU_0226,LES_015,2024-06-02 09:19:00,2024-06-02 09:32:00,DEV_029,v2.0,0
EVT_00642,STU_0296,LES_048,2024-02-14 20:00:00,2024-02-14 20:41:00,DEV_028,v1.0,0
EVT_00053,STU_0163,LES_049,2024-01-25 13:11:00,2024-01-25 13:30:00,DEV_044,v4.0,0
EVT_00990,STU_0224,LES_006,2024-05-01 03:55:00,2024-05-01 04:34:00,DEV_034,v2.0,0
EVT_00306,STU_0177,LES_006,2024-04-21 11:30:00,2024-04-21 11:30:00,DEV_023,v2.0,0
EVT_00432,STU_0209,LES_035,2024-07-10 00:43:00,2024-07-10 00:54:00,DEV_028,v1.0,0
EVT_00001,STU_0034,LES_017,2024-06-13 19:36:00,2024-06-13 19:52:00,DEV_023,v1.0,0
EVT_00590,STU_0200,LES_042,2024-03-30 10:26:00,2024-03-30 11:13:00,DEV_013,v4.0,0
EVT_00350,STU_0109,LES_007,2024-02-16 05:26:00,2024-02-16 05:35:00,DEV_021,v2.0,0
EVT_00829,STU_0274,LES_038,2024-04-27 06:12:00,2024-04-27 07:07:00,DEV_031,v4.0,0
EVT_00758,STU_0282,LES_026,2024-03-28 20:27:00,2024-03-28 21:11:00,DEV_009,v4.0,0
EVT_00458,STU_0268,LES_040,2024-04-27 08:51:00,2024-04-27 08:58:00,DEV_028,v4.0,0
EVT_00460,STU_0292,LES_026,2024-03-15 14:35:00,2024-03-15 15:01:00,DEV_020,v4.0,0
EVT_00629,STU_0068,LES_046,2024-03-07 15:21:00,2024-03-07 15:41:00,DEV_024,v4.0,0
EVT_00265,STU_0202,LES_018,2024-06-11 16:46:00,2024-06-11 16:46:00,DEV_011,v1.0,0
EVT_00710,STU_0155,LES_028,2024-03-04 03:06:00,2024-03-04 03:12:00,DEV_036,v2.0,0
EVT_00054,STU_0027,LES_008,2024-02-29 07:09:00,2024-02-29 07:42:00,DEV_008,v3.0,0
EVT_00682,STU_0265,LES_043,2024-04-09 22:45:00,2024-04-09 23:11:00,DEV_034,v3.0,0
EVT_00132,STU_0239,LES_049,2024-02-11 11:17:00,2024-02-11 11:56:00,DEV_030,v4.0,0
EVT_00695,STU_0278,LES_003,2024-02-25 09:28:00,2024-02-25 09:28:00,DEV_035,v2.0,0
EVT_00020,STU_0108,LES_002,2024-02-24 12:18:00,2024-02-24 12:52:00,DEV_013,v1.0,0
EVT_00479,STU_0224,LES_040,2024-05-20 14:36:00,2024-05-20 15:17:00,DEV_006,v3.0,0
EVT_00542,STU_0025,LES_010,2024-02-27 10:05:00,2024-02-27 10:50:00,DEV_025,v2.0,0
EVT_00315,STU_0049,LES_010,2024-02-22 17:47:00,2024-02-22 17:47:00,DEV_010,v2.0,0
EVT_00603,STU_0230,LES_027,2024-02-21 11:12:00,2024-02-21 12:09:00,DEV_034,v4.0,0
EVT_00591,STU_0137,LES_020,2024-07-02 03:30:00,2024-07-02 04:25:00,DEV_012,v3.0,0
EVT_00457,STU_0142,LES_020,2024-06-26 18:55:00,2024-06-26 18:55:00,DEV_043,v3.0,0
EVT_00495,STU_0232,LES_042,2024-07-08 14:42:00,2024-07-08 15:29:00,DEV_031,v1.0,0
EVT_00949,STU_0135,LES_030,2024-06-04 10:53:00,2024-06-04 10:53:00,DEV_017,v4.0,0
EVT_00123,STU_0291,LES_034,2024-01-30 01:55:00,2024-01-30 01:55:00,DEV_044,v2.0,0
EVT_00577,STU_0151,LES_032,2024-04-18 02:02:00,2024-04-18 02:02:00,DEV_005,v4.0,0
EVT_00099,STU_0093,LES_025,2024-06-09 05:04:00,2024-06-09 05:43:00,DEV_044,v2.0,0
EVT_00910,STU_0085,LES_011,2024-03-09 10:10:00,2024-03-09 10:16:00,DEV_024,v3.0,0
EVT_00496,STU_0221,LES_021,2024-03-25 07:03:00,2024-03-25 07:13:00,DEV_022,v2.0,0
EVT_00635,STU_0099,LES_034,2024-05-06 19:51:00,2024-05-06 20:08:00,DEV_023,v4.0,0
EVT_00755,STU_0140,LES_024,2024-02-03 16:56:00,2024-02-03 17:48:00,DEV_005,v2.0,0
EVT_00513,STU_0018,LES_021,2024-04-13 03:11:00,2024-04-13 04:05:00,DEV_010,v1.0,0
EVT_00930,STU_0273,LES_032,2024-02-10 19:17:00,2024-02-10 19:41:00,DEV_025,v2.0,0
EVT_00588,STU_0167,LES_004,2024-01-19 18:45:00,2024-01-19 18:45:00,DEV_043,v1.0,0
EVT_00266,STU_0294,LES_005,2024-05-15 15:29:00,2024-05-15 15:45:00,DEV_038,v1.0,0
EVT_00586,STU_0194,LES_029,2024-03-24 22:29:00,2024-03-24 23:21:00,DEV_033,v3.0,0
EVT_00354,STU_0189,LES_036,2024-01-24 08:55:00,2024-01-24 09:02:00,DEV_034,v1.0,0
EVT_00903,STU_0024,LES_035,2024-05-29 05:55:00,2024-05-29 06:45:00,DEV_029,v3.0,0
EVT_00688,STU_0196,LES_003,2024-03-11 04:07:00,2024-03-11 04:18:00,DEV_040,v2.0,0
EVT_00380,STU_0202,LES_041,2024-02-26 23:35:00,2024-02-26 23:35:00,DEV_029,v2.0,0
EVT_00678,STU_0209,LES_037,2024-03-29 18:37:00,2024-03-29 19:02:00,DEV_022,v3.0,0
EVT_00343,STU_0141,LES_045,2024-01-10 12:19:00,2024-01-10 13:18:00,DEV_027,v2.0,0
EVT_00709,STU_0115,LES_047,2024-06-18 00:55:00,2024-06-18 01:31:00,DEV_015,v2.0,0
EVT_00317,STU_0111,LES_038,2024-01-17 20:05:00,2024-01-17 20:38:00,DEV_043,v1.0,0
EVT_00188,STU_0051,LES_019,2024-06-18 09:06:00,2024-06-18 10:01:00,DEV_005,v1.0,0
EVT_00753,STU_0194,LES_026,2024-06-12 19:44:00,2024-06-12 20:28:00,DEV_025,v4.0,0
EVT_00277,STU_0008,LES_028,2024-01-05 10:56:00,2024-01-05 11:54:00,DEV_019,v3.0,0
EVT_00696,STU_0198,LES_037,2024-03-05 02:58:00,2024-03-05 03:23:00,DEV_016,v4.0,0
EVT_00522,STU_0143,LES_027,2024-01-13 06:54:00,2024-01-13 07:33:00,DEV_006,v1.0,0
EVT_00101,STU_0085,LES_026,2024-03-12 13:35:00,2024-03-12 14:07:00,DEV_029,v2.0,0
EVT_00704,STU_0069,LES_002,2024-02-24 14:07:00,2024-02-24 15:06:00,DEV_016,v2.0,0
EVT_00104,STU_0021,LES_023,2024-04-16 16:54:00,2024-04-16 17:51:00,DEV_015,v1.0,0
EVT_00470,STU_0028,LES_049,2024-06-12 10:36:00,2024-06-12 11:16:00,DEV_037,v2.0,0
EVT_00729,STU_0130,LES_020,2024-01-20 09:17:00,2024-01-20 09:33:00,DEV_040,v2.0,0
EVT_00446,STU_0163,LES_031,2024-05-22 23:43:00,2024-05-23 00:36:00,DEV_035,v4.0,0
EVT_00028,STU_0241,LES_003,2024-04-29 00:53:00,2024-04-29 01:46:00,DEV_009,v3.0,0
EVT_00631,STU_0175,LES_012,2024-04-23 18:54:00,2024-04-23 19:09:00,DEV_019,v3.0,0
EVT_00852,STU_0073,LES_027,2024-05-08 14:01:00,2024-05-08 14:30:00,DEV_003,v2.0,0
EVT_00803,STU_0047,LES_032,2024-07-08 01:42:00,2024-07-08 02:04:00,DEV_048,v2.0,0
EVT_00882,STU_0130,LES_032,2024-03-17 00:57:00,2024-03-17 00:57:00,DEV_010,v4.0,0
EVT_00420,STU_0282,LES_017,2024-03-11 21:32:00,2024-03-11 22:25:00,DEV_003,v3.0,0
EVT_00164,STU_0213,LES_044,2024-02-01 11:25:00,2024-02-01 11:25:00,DEV_021,v3.0,0
EVT_00014,STU_0016,LES_007,2024-05-24 16:20:00,2024-05-24 16:31:00,DEV_014,v3.0,0
EVT_00442,STU_0096,LES_035,2024-03-19 13:47:00,2024-03-19 13:47:00,DEV_048,v2.0,0
EVT_00349,STU_0197,LES_011,2024-02-25 15:46:00,2024-02-25 16:02:00,DEV_026,v3.0,0
EVT_00062,STU_0225,LES_033,2024-06-06 09:48:00,2024-06-06 09:48:00,DEV_022,v3.0,0
EVT_00169,STU_0095,LES_015,2024-05-30 01:27:00,2024-05-30 01:53:00,DEV_043,v1.0,0
EVT_00785,STU_0128,LES_021,2024-05-15 20:16:00,2024-05-15 20:59:00,DEV_014,v1.0,0
EVT_00582,STU_0251,LES_020,2024-02-04 20:24:00,2024-02-04 20:53:00,DEV_031,v2.0,0
EVT_00009,STU_0104,LES_042,2024-01-25 17:42:00,2024-01-25 17:42:00,DEV_037,v4.0,0
EVT_00191,STU_0297,LES_046,2024-02-29 23:07:00,2024-02-29 23:42:00,DEV_020,v4.0,0
EVT_00162,STU_0288,LES_032,2024-05-03 20:49:00,2024-05-03 21:08:00,DEV_017,v4.0,0
EVT_00856,STU_0046,LES_011,2024-07-10 14:04:00,2024-07-10 14:18:00,DEV_035,v4.0,0
EVT_00568,STU_0096,LES_010,2024-07-06 04:57:00,2024-07-06 05:14:00,DEV_041,v2.0,0
EVT_00765,STU_0012,LES_005,2024-06-30 12:35:00,2024-06-30 13:14:00,DEV_005,v2.0,0
EVT_00215,STU_0246,LES_019,2024-02-01 10:48:00,2024-02-01 11:38:00,DEV_016,v1.0,0
EVT_00553,STU_0275,LES_013,2024-04-15 17:24:00,2024-04-15 17:55:00,DEV_029,v4.0,0
EVT_00506,STU_0282,LES_020,2024-07-10 23:03:00,2024-07-10 23:10:00,DEV_024,v1.0,0
EVT_00077,STU_0293,LES_005,2024-06-14 16:44:00,2024-06-14 17:42:00,DEV_047,v2.0,0
EVT_00623,STU_0016,LES_013,2024-07-13 00:08:00,2024-07-13 00:25:00,DEV_007,v3.0,0
EVT_00690,STU_0009,LES_047,2024-03-16 22:01:00,2024-03-16 22:56:00,DEV_006,v4.0,0
EVT_00597,STU_0007,LES_046,2024-05-01 08:42:00,2024-05-01 09:27:00,DEV_023,v1.0,0
EVT_00712,STU_0074,LES_025,2024-04-10 02:55:00,2024-04-10 03:37:00,DEV_041,v1.0,0
EVT_00394,STU_0273,LES_043,2024-04-30 17:44:00,2024-04-30 18:08:00,DEV_045,v4.0,0
EVT_00547,STU_0298,LES_012,2024-07-06 22:36:00,2024-07-06 23:34:00,DEV_002,v2.0,0
EVT_00540,STU_0018,LES_049,2024-03-13 11:53:00,2024-03-13 12:44:00,DEV_005,v3.0,0
EVT_00201,STU_0086,LES_049,2024-01-17 16:05:00,2024-01-17 16:43:00,DEV_001,v2.0,0
EVT_00888,STU_0115,LES_020,2024-01-25 21:38:00,2024-01-25 21:57:00,DEV_008,v3.0,0
EVT_00570,STU_0283,LES_041,2024-03-20 02:41:00,2024-03-20 03:10:00,DEV_002,v4.0,0
EVT_00545,STU_0054,LES_011,2024-01-16 04:00:00,2024-01-16 04:00:00,DEV_035,v1.0,0
EVT_00811,STU_0074,LES_015,2024-04-17 02:01:00,2024-04-17 02:12:00,DEV_041,v3.0,0
EVT_00402,STU_0114,LES_043,2024-02-06 22:38:00,2024-02-06 22:38:00,DEV_034,v3.0,0
EVT_00864,STU_0107,LES_045,2024-04-25 05:56:00,2024-04-25 05:56:00,DEV_036,v4.0,0
EVT_00673,STU_0273,LES_024,2024-04-25 11:02:00,2024-04-25 12:00:00,DEV_014,v2.0,0
EVT_00037,STU_0092,LES_033,2024-02-28 13:35:00,2024-02-28 14:22:00,DEV_045,v1.0,0
EVT_00644,STU_0249,LES_038,2024-05-13 18:18:00,2024-05-13 19:02:00,DEV_003,v3.0,0
EVT_00504,STU_0137,LES_047,2024-05-23 03:03:00,2024-05-23 03:31:00,DEV_014,v1.0,0
EVT_00858,STU_0267,LES_001,2024-03-19 01:54:00,2024-03-19 02:03:00,DEV_035,v1.0,0
EVT_00505,STU_0025,LES_034,2024-03-07 21:13:00,2024-03-07 21:13:00,DEV_042,v1.0,0
EVT_00833,STU_0128,LES_007,2024-06-18 09:24:00,2024-06-18 09:33:00,DEV_023,v4.0,0
EVT_00974,STU_0239,LES_046,2024-05-15 16:08:00,2024-05-15 16:15:00,DEV_011,v4.0,0
EVT_00532,STU_0103,LES_042,2024-05-04 22:16:00,2024-05-04 22:50:00,DEV_010,v2.0,0
EVT_00694,STU_0247,LES_017,2024-02-07 06:37:00,2024-02-07 06:56:00,DEV_046,v4.0,0
EVT_00578,STU_0149,LES_040,2024-07-16 06:35:00,2024-07-16 07:24:00,DEV_023,v2.0,0
EVT_00381,STU_0017,LES_002,2024-01-06 22:28:00,2024-01-06 23:13:00,DEV_005,v2.0,0
EVT_00328,STU_0049,LES_047,2024-02-21 18:45:00,2024-02-21 19:36:00,DEV_031,v1.0,0
EVT_00574,STU_0280,LES_021,2024-05-17 10:21:00,2024-05-17 10:21:00,DEV_018,v4.0,0
EVT_00214,STU_0008,LES_037,2024-06-08 11:27:00,2024-06-08 11:35:00,DEV_030,v2.0,0
EVT_00192,STU_0036,LES_021,2024-06-06 23:51:00,2024-06-06 23:51:00,DEV_030,v2.0,0
EVT_00337,STU_0260,LES_044,2024-04-24 13:16:00,2024-04-24 13:54:00,DEV_017,v3.0,0
EVT_00815,STU_0004,LES_010,2024-03-28 17:55:00,2024-03-28 18:04:00,DEV_032,v2.0,0
EVT_00802,STU_0211,LES_045,2024-03-16 22:24:00,2024-03-16 23:13:00,DEV_001,v2.0,0
EVT_00487,STU_0058,LES_008,2024-04-18 21:42:00,2024-04-18 21:54:00,DEV_026,v3.0,0
EVT_00549,STU_0012,LES_013,2024-02-12 00:16:00,2024-02-12 00:37:00,DEV_036,v1.0,0
EVT_00701,STU_0288,LES_041,2024-03-24 02:08:00,2024-03-24 03:05:00,DEV_006,v3.0,0
EVT_00734,STU_0192,LES_003,2024-05-01 09:40:00,2024-05-01 10:21:00,DEV_009,v3.0,0
EVT_00464,STU_0239,LES_031,2024-04-28 13:44:00,2024-04-28 14:19:00,DEV_030,v2.0,0
EVT_00007,STU_0227,LES_043,2024-03-21 15:57:00,2024-03-21 16:44:00,DEV_034,v1.0,0
EVT_00239,STU_0008,LES_045,2024-03-27 05:31:00,2024-03-27 06:21:00,DEV_047,v3.0,0
EVT_00638,STU_0115,LES_023,2024-06-19 15:18:00,2024-06-19 15:35:00,DEV_043,v2.0,0
EVT_00048,STU_0134,LES_047,2024-03-19 15:46:00,2024-03-19 16:13:00,DEV_026,v2.0,0
EVT_00646,STU_0035,LES_001,2024-06-01 07:08:00,2024-06-01 07:55:00,DEV_034,v1.0,0
EVT_00167,STU_0224,LES_011,2024-03-26 11:01:00,2024-03-26 11:27:00,DEV_028,v1.0,0
EVT_00299,STU_0054,LES_020,2024-06-08 17:17:00,2024-06-08 18:07:00,DEV_024,v3.0,0
EVT_00150,STU_0112,LES_018,2024-06-28 09:13:00,2024-06-28 09:30:00,DEV_049,v1.0,0
EVT_00105,STU_0292,LES_011,2024-02-20 05:23:00,2024-02-20 05:49:00,DEV_019,v2.0,0
EVT_00939,STU_0165,LES_015,2024-01-29 23:07:00,2024-01-29 23:07:00,DEV_015,v4.0,0
EVT_00557,STU_0116,LES_047,2024-03-19 07:20:00,2024-03-19 07:56:00,DEV_004,v2.0,0
EVT_00168,STU_0269,LES_018,2024-01-02 09:00:00,2024-01-02 09:56:00,DEV_027,v2.0,0
EVT_00831,STU_0163,LES_034,2024-06-04 08:33:00,2024-06-04 09:18:00,DEV_016,v3.0,0
EVT_00565,STU_0108,LES_019,2024-06-02 21:59:00,2024-06-02 21:59:00,DEV_011,v1.0,0
EVT_00885,STU_0186,LES_049,2024-02-11 11:55:00,2024-02-11 12:01:00,DEV_011,v3.0,0
EVT_00585,STU_0099,LES_020,2024-02-15 03:12:00,2024-02-15 04:09:00,DEV_047,v1.0,0
EVT_00844,STU_0155,LES_038,2024-03-30 05:57:00,2024-03-30 06:12:00,DEV_008,v4.0,0
EVT_00561,STU_0187,LES_010,2024-05-09 03:13:00,2024-05-09 03:34:00,DEV_032,v4.0,0
EVT_00110,STU_0141,LES_022,2024-04-27 21:40:00,2024-04-27 21:53:00,DEV_026,v1.0,0
EVT_00534,STU_0173,LES_023,2024-07-15 05:49:00,2024-07-15 06:39:00,DEV_044,v4.0,0
EVT_00393,STU_0271,LES_004,2024-04-02 06:18:00,2024-04-02 06:48:00,DEV_019,v4.0,0
EVT_00868,STU_0176,LES_046,2024-05-21 18:02:00,2024-05-21 18:45:00,DEV_047,v3.0,0
EVT_00308,STU_0024,LES_044,2024-01-11 07:10:00,2024-01-11 07:23:00,DEV_021,v4.0,0
EVT_00857,STU_0028,LES_036,2024-01-16 04:02:00,2024-01-16 04:22:00,DEV_015,v1.0,0
EVT_00670,STU_0172,LES_023,2024-02-10 19:06:00,2024-02-10 20:03:00,DEV_033,v2.0,0
EVT_00130,STU_0249,LES_009,2024-07-11 13:54:00,2024-07-11 14:21:00,DEV_026,v4.0,0
EVT_00807,STU_0220,LES_030,2024-01-04 02:46:00,2024-01-04 03:15:00,DEV_028,v4.0,0
EVT_00634,STU_0076,LES_028,2024-04-01 11:38:00,2024-04-01 12:10:00,DEV_049,v1.0,0
EVT_00887,STU_0181,LES_030,2024-04-23 08:10:00,2024-04-23 08:44:00,DEV_008,v2.0,0
EVT_00937,STU_0086,LES_019,2024-06-06 00:52:00,2024-06-06 01:39:00,DEV_011,v3.0,0
EVT_00385,STU_0148,LES_044,2024-05-26 09:55:00,2024-05-26 09:55:00,DEV_002,v2.0,0
EVT_00026,STU_0011,LES_013,2024-06-01 09:23:00,2024-06-01 09:23:00,DEV_008,v4.0,0
EVT_00705,STU_0154,LES_035,2024-03-19 09:38:00,2024-03-19 10:16:00,DEV_033,v1.0,0
EVT_00426,STU_0048,LES_002,2024-05-15 08:53:00,2024-05-15 09:44:00,DEV_040,v4.0,0
EVT_00416,STU_0206,LES_039,2024-02-16 12:37:00,2024-02-16 13:35:00,DEV_015,v2.0,0
EVT_00554,STU_0281,LES_006,2024-03-03 19:47:00,2024-03-03 20:23:00,DEV_016,v2.0,0
EVT_00431,STU_0136,LES_009,2024-02-27 23:11:00,2024-02-27 23:54:00,DEV_032,v2.0,0
EVT_00187,STU_0259,LES_013,2024-04-16 04:13:00,2024-04-16 04:23:00,DEV_017,v3.0,0
EVT_00769,STU_0004,LES_031,2024-05-25 14:07:00,2024-05-25 14:36:00,DEV_023,v4.0,0
EVT_00880,STU_0062,LES_003,2024-06-22 09:39:00,2024-06-22 09:56:00,DEV_039,v4.0,0
EVT_00285,STU_0189,LES_031,2024-04-23 07:59:00,2024-04-23 08:25:00,DEV_043,v3.0,0
EVT_00042,STU_0188,LES_024,2024-04-18 11:14:00,2024-04-18 11:37:00,DEV_030,v3.0,0
EVT_00295,STU_0013,LES_047,2024-06-07 08:27:00,2024-06-07 08:34:00,DEV_008,v3.0,0
EVT_00566,STU_0195,LES_012,2024-07-13 08:09:00,2024-07-13 09:07:00,DEV_002,v1.0,0
EVT_00951,STU_0168,LES_047,2024-01-24 05:20:00,2024-01-24 05:36:00,DEV_043,v4.0,0
EVT_00947,STU_0241,LES_017,2024-02-12 18:38:00,2024-02-12 19:04:00,DEV_014,v3.0,0
EVT_00541,STU_0256,LES_023,2024-01-30 04:40:00,2024-01-30 05:29:00,DEV_048,v3.0,0
EVT_00163,STU_0183,LES_009,2024-06-01 08:07:00,2024-06-01 08:36:00,DEV_022,v4.0,0
EVT_00587,STU_0188,LES_035,2024-07-15 23:07:00,2024-07-15 23:56:00,DEV_020,v1.0,0
EVT_00497,STU_0102,LES_037,2024-07-10 08:18:00,2024-07-10 09:03:00,DEV_049,v3.0,0
EVT_00917,STU_0175,LES_003,2024-05-03 13:40:00,2024-05-03 13:49:00,DEV_024,v4.0,0
EVT_00768,STU_0143,LES_038,2024-05-22 03:40:00,2024-05-22 04:35:00,DEV_010,v4.0,0
EVT_00336,STU_0089,LES_018,2024-01-19 05:10:00,2024-01-19 05:32:00,DEV_026,v2.0,0
EVT_00954,STU_0100,LES_005,2024-02-18 22:57:00,2024-02-18 23:40:00,DEV_047,v2.0,0
EVT_00972,STU_0221,LES_009,2024-02-02 07:23:00,2024-02-02 07:40:00,DEV_021,v2.0,0
EVT_00438,STU_0062,LES_038,2024-07-13 11:17:00,2024-07-13 11:22:00,DEV_030,v1.0,0
EVT_00788,STU_0292,LES_044,2024-01-10 01:34:00,2024-01-10 01:39:00,DEV_007,v2.0,0
EVT_00208,STU_0254,LES_003,2024-07-18 17:47:00,2024-07-18 18:43:00,DEV_035,v2.0,0
EVT_00461,STU_0029,LES_040,2024-06-06 10:39:00,2024-06-06 11:38:00,DEV_016,v2.0,0
EVT_00024,STU_0293,LES_025,2024-06-24 11:44:00,2024-06-24 12:03:00,DEV_009,v3.0,0
EVT_00964,STU_0251,LES_040,2024-05-02 20:45:00,2024-05-02 21:36:00,DEV_002,v1.0,0
EVT_00453,STU_0166,LES_025,2024-01-14 04:47:00,2024-01-14 05:09:00,DEV_027,v3.0,0
EVT_00795,STU_0191,LES_042,2024-02-11 05:14:00,2024-02-11 05:35:00,DEV_027,v3.0,0
EVT_00895,STU_0050,LES_038,2024-04-15 20:39:00,2024-04-15 21:24:00,DEV_008,v4.0,0
EVT_00382,STU_0219,LES_049,2024-03-11 16:58:00,2024-03-11 17:36:00,DEV_025,v3.0,0
EVT_00286,STU_0054,LES_010,2024-02-11 05:19:00,2024-02-11 05:39:00,DEV_012,v2.0,0
EVT_00641,STU_0134,LES_027,2024-05-16 04:04:00,2024-05-16 04:39:00,DEV_021,v2.0,0
EVT_00082,STU_0264,LES_043,2024-01-01 05:12:00,2024-01-01 05:36:00,DEV_028,v1.0,0
EVT_00404,STU_0088,LES_004,2024-05-08 13:42:00,2024-05-08 14:24:00,DEV_001,v2.0,0
EVT_00514,STU_0180,LES_049,2024-07-18 08:22:00,2024-07-18 08:31:00,DEV_045,v1.0,0
EVT_00952,STU_0199,LES_023,2024-06-10 12:25:00,2024-06-10 12:25:00,DEV_029,v2.0,0
EVT_00088,STU_0039,LES_031,2024-07-02 08:14:00,2024-07-02 08:41:00,DEV_044,v2.0,0
EVT_00891,STU_0135,LES_026,2024-04-05 08:43:00,2024-04-05 09:29:00,DEV_028,v1.0,0
EVT_00471,STU_0086,LES_004,2024-03-22 02:45:00,2024-03-22 03:12:00,DEV_022,v2.0,0
EVT_00946,STU_0121,LES_035,2024-04-10 11:00:00,2024-04-10 11:37:00,DEV_008,v3.0,0
EVT_00148,STU_0213,LES_018,2024-06-21 11:11:00,2024-06-21 11:50:00,DEV_049,v4.0,0
EVT_00213,STU_0259,LES_027,2024-04-23 00:39:00,2024-04-23 01:11:00,DEV_001,v3.0,0
EVT_00467,STU_0216,LES_010,2024-06-08 09:23:00,2024-06-08 09:47:00,DEV_003,v1.0,0
EVT_00376,STU_0140,LES_017,2024-05-13 18:40:00,2024-05-13 19:12:00,DEV_014,v1.0,0
EVT_00065,STU_0073,LES_039,2024-06-08 09:12:00,2024-06-08 09:24:00,DEV_008,v2.0,0
EVT_00395,STU_0039,LES_049,2024-05-30 18:54:00,2024-05-30 19:45:00,DEV_033,v1.0,0
EVT_00133,STU_0158,LES_014,2024-05-13 18:10:00,2024-05-13 19:06:00,DEV_014,v1.0,0
EVT_00853,STU_0125,LES_006,2024-02-22 13:45:00,2024-02-22 14:12:00,DEV_002,v4.0,0
EVT_00899,STU_0269,LES_034,2024-02-20 20:09:00,2024-02-20 20:51:00,DEV_003,v3.0,0
EVT_00043,STU_0074,LES_041,2024-03-03 23:55:00,2024-03-04 00:29:00,DEV_037,v1.0,0
EVT_00084,STU_0156,LES_047,2024-05-13 10:19:00,2024-05-13 10:43:00,DEV_014,v2.0,0
EVT_00912,STU_0031,LES_011,2024-03-27 23:20:00,2024-03-27 23:20:00,DEV_041,v3.0,0
EVT_00817,STU_0168,LES_048,2024-02-23 13:22:00,2024-02-23 14:10:00,DEV_025,v4.0,0
EVT_00617,STU_0185,LES_021,2024-02-24 02:23:00,2024-02-24 03:06:00,DEV_028,v4.0,0
EVT_00372,STU_0147,LES_012,2024-03-20 14:50:00,2024-03-20 15:19:00,DEV_020,v3.0,0
EVT_00594,STU_0052,LES_047,2024-04-29 04:22:00,2024-04-29 04:30:00,DEV_025,v4.0,0
EVT_00071,STU_0243,LES_035,2024-07-07 01:32:00,2024-07-07 01:51:00,DEV_033,v3.0,0
EVT_00562,STU_0016,LES_046,2024-06-15 04:04:00,2024-06-15 04:32:00,DEV_001,v3.0,0
EVT_00841,STU_0218,LES_021,2024-03-30 20:53:00,2024-03-30 21:23:00,DEV_008,v1.0,0
EVT_00422,STU_0117,LES_043,2024-06-08 13:13:00,2024-06-08 13:42:00,DEV_028,v1.0,0
EVT_00138,STU_0025,LES_015,2024-03-08 19:56:00,2024-03-08 20:32:00,DEV_032,v4.0,0
EVT_00945,STU_0151,LES_013,2024-03-09 21:23:00,2024-03-09 21:23:00,DEV_008,v1.0,0
EVT_00628,STU_0092,LES_027,2024-06-08 01:50:00,2024-06-08 02:26:00,DEV_020,v4.0,0
EVT_00621,STU_0006,LES_012,2024-04-20 21:57:00,2024-04-20 22:20:00,DEV_003,v4.0,0
EVT_00894,STU_0154,LES_048,2024-07-11 12:32:00,2024-07-11 13:25:00,DEV_006,v2.0,0
EVT_00323,STU_0059,LES_004,2024-04-13 03:14:00,2024-04-13 03:47:00,DEV_034,v2.0,0
EVT_00198,STU_0021,LES_018,2024-03-09 19:14:00,2024-03-09 19:55:00,DEV_024,v1.0,0
EVT_00415,STU_0122,LES_010,2024-04-24 15:31:00,2024-04-24 16:17:00,DEV_028,v3.0,0
EVT_00771,STU_0063,LES_034,2024-04-14 12:51:00,2024-04-14 13:40:00,DEV_015,v4.0,0
EVT_00271,STU_0274,LES_009,2024-04-22 13:16:00,2024-04-22 14:07:00,DEV_017,v1.0,0
EVT_00230,STU_0270,LES_026,2024-04-11 11:01:00,2024-04-11 11:24:00,DEV_046,v3.0,0
EVT_00386,STU_0290,LES_022,2024-03-07 19:17:00,2024-03-07 19:31:00,DEV_009,v1.0,0
EVT_00700,STU_0002,LES_010,2024-06-26 02:04:00,2024-06-26 02:20:00,DEV_006,v2.0,0
EVT_00778,STU_0027,LES_004,2024-07-10 07:57:00,2024-07-10 08:37:00,DEV_003,v2.0,0
EVT_00810,STU_0133,LES_044,2024-06-26 13:29:00,2024-06-26 13:45:00,DEV_039,v2.0,0
EVT_00287,STU_0169,LES_024,2024-02-04 11:35:00,2024-02-04 12:09:00,DEV_047,v3.0,0
EVT_00996,STU_0135,LES_025,2024-07-07 16:58:00,2024-07-07 16:58:00,DEV_034,v1.0,0
EVT_00713,STU_0120,LES_033,2024-05-24 12:07:00,2024-05-24 12:13:00,DEV_032,v1.0,0
EVT_00664,STU_0155,LES_010,2024-02-03 09:07:00,2024-02-03 09:35:00,DEV_018,v3.0,0
EVT_00184,STU_0116,LES_049,2024-02-16 16:10:00,2024-02-16 17:08:00,DEV_045,v1.0,0
EVT_00314,STU_0149,LES_028,2024-02-23 18:08:00,2024-02-23 18:55:00,DEV_035,v1.0,0
EVT_00425,STU_0271,LES_003,2024-05-18 15:41:00,2024-05-18 16:25:00,DEV_018,v3.0,0
EVT_00146,STU_0183,LES_002,2024-03-02 06:44:00,2024-03-02 06:44:00,DEV_015,v1.0,0
EVT_00867,STU_0188,LES_031,2024-03-13 07:58:00,2024-03-13 08:39:00,DEV_002,v4.0,0
EVT_00564,STU_0047,LES_028,2024-06-29 10:17:00,2024-06-29 11:03:00,DEV_024,v4.0,0
EVT_00292,STU_0075,LES_035,2024-03-12 15:09:00,2024-03-12 15:58:00,DEV_032,v2.0,0
EVT_00651,STU_0015,LES_004,2024-07-09 19:51:00,2024-07-09 20:04:00,DEV_026,v4.0,0
EVT_00943,STU_0078,LES_028,2024-03-15 04:54:00,2024-03-15 05:08:00,DEV_043,v3.0,0
EVT_00551,STU_0076,LES_037,2024-06-06 06:39:00,2024-06-06 06:50:00,DEV_045,v4.0,0
EVT_00170,STU_0189,LES_033,2024-07-02 08:34:00,2024-07-02 08:57:00,DEV_023,v1.0,0
EVT_00268,STU_0045,LES_004,2024-06-02 19:38:00,2024-06-02 20:25:00,DEV_027,v2.0,0
EVT_00779,STU_0114,LES_049,2024-03-16 22:14:00,2024-03-16 22:14:00,DEV_004,v3.0,0
EVT_00716,STU_0274,LES_042,2024-04-10 09:16:00,2024-04-10 09:29:00,DEV_014,v1.0,0
EVT_00548,STU_0283,LES_015,2024-03-12 21:26:00,2024-03-12 22:25:00,DEV_046,v3.0,0
EVT_00302,STU_0049,LES_015,2024-07-03 16:30:00,2024-07-03 17:03:00,DEV_026,v2.0,0
EVT_00316,STU_0013,LES_037,2024-04-11 14:27:00,2024-04-11 15:06:00,DEV_025,v3.0,0
EVT_00106,STU_0052,LES_046,2024-01-27 12:30:00,2024-01-27 12:42:00,DEV_016,v2.0,0
EVT_00739,STU_0004,LES_042,2024-05-20 14:25:00,2024-05-20 14:51:00,DEV_004,v2.0,0
EVT_00246,STU_0049,LES_046,2024-04-22 20:13:00,2024-04-22 20:37:00,DEV_033,v2.0,0
EVT_00253,STU_0146,LES_002,2024-03-08 16:29:00,2024-03-08 17:09:00,DEV_018,v1.0,0
EVT_00176,STU_0014,LES_034,2024-06-29 23:20:00,2024-06-29 23:40:00,DEV_031,v3.0,0
EVT_00728,STU_0066,LES_042,2024-03-27 18:22:00,2024-03-27 18:43:00,DEV_048,v4.0,0
EVT_00051,STU_0022,LES_011,2024-01-27 14:08:00,2024-01-27 14:40:00,DEV_029,v1.0,0
EVT_00956,STU_0053,LES_038,2024-05-11 23:07:00,2024-05-11 23:18:00,DEV_038,v4.0,0
EVT_00125,STU_0158,LES_016,2024-01-12 10:56:00,2024-01-12 11:08:00,DEV_020,v3.0,0
EVT_00665,STU_0134,LES_029,2024-05-05 11:25:00,2024-05-05 11:55:00,DEV_034,v4.0,0
EVT_00600,STU_0093,LES_045,2024-03-19 10:21:00,2024-03-19 11:16:00,DEV_038,v2.0,0
EVT_00022,STU_0245,LES_044,2024-07-03 04:31:00,2024-07-03 05:22:00,DEV_010,v2.0,0
EVT_00434,STU_0064,LES_026,2024-02-05 08:09:00,2024-02-05 08:35:00,DEV_042,v4.0,0
EVT_00390,STU_0068,LES_007,2024-02-18 19:20:00,2024-02-18 19:25:00,DEV_010,v4.0,0
EVT_00321,STU_0208,LES_043,2024-04-26 08:03:00,2024-04-26 08:43:00,DEV_047,v3.0,0
EVT_00134,STU_0163,LES_002,2024-03-31 02:09:00,2024-03-31 02:27:00,DEV_020,v2.0,0
EVT_00978,STU_0225,LES_029,2024-07-10 16:58:00,2024-07-10 17:09:00,DEV_039,v2.0,0
EVT_00749,STU_0282,LES_025,2024-03-15 13:10:00,2024-03-15 13:10:00,DEV_040,v2.0,0
EVT_00249,STU_0192,LES_011,2024-05-26 15:06:00,2024-05-26 15:56:00,DEV_045,v1.0,0
EVT_00186,STU_0124,LES_011,2024-04-12 02:16:00,2024-04-12 02:25:00,DEV_010,v2.0,0
EVT_00155,STU_0087,LES_043,2024-05-08 06:47:00,2024-05-08 07:08:00,DEV_005,v4.0,0
EVT_00023,STU_0065,LES_030,2024-06-25 00:02:00,2024-06-25 00:36:00,DEV_004,v2.0,0
EVT_00555,STU_0030,LES_045,2024-01-19 07:50:00,2024-01-19 08:37:00,DEV_029,v4.0,0
EVT_00216,STU_0063,LES_045,2024-04-28 16:52:00,2024-04-28 17:09:00,DEV_034,v4.0,0
EVT_00356,STU_0249,LES_006,2024-04-10 11:19:00,2024-04-10 12:01:00,DEV_021,v1.0,0
EVT_00454,STU_0182,LES_018,2024-04-29 07:50:00,2024-04-29 08:38:00,DEV_005,v3.0,0
EVT_00958,STU_0263,LES_023,2024-07-07 07:34:00,2024-07-07 07:34:00,DEV_042,v3.0,0
EVT_00330,STU_0054,LES_033,2024-06-26 07:01:00,2024-06-26 07:20:00,DEV_032,v1.0,0
EVT_00872,STU_0100,LES_018,2024-01-09 11:36:00,2024-01-09 11:36:00,DEV_014,v1.0,0
EVT_00738,STU_0010,LES_017,2024-05-24 16:02:00,2024-05-24 16:57:00,DEV_001,v4.0,0
EVT_00633,STU_0051,LES_043,2024-04-28 12:05:00,2024-04-28 13:03:00,DEV_019,v2.0,0
EVT_00697,STU_0061,LES_040,2024-01-26 14:07:00,2024-01-26 14:47:00,DEV_010,v4.0,0
EVT_00203,STU_0125,LES_039,2024-03-26 09:47:00,2024-03-26 09:47:00,DEV_040,v2.0,0
EVT_00448,STU_0114,LES_049,2024-04-09 03:26:00,2024-04-09 04:05:00,DEV_003,v4.0,0
EVT_00057,STU_0228,LES_009,2024-06-14 16:56:00,2024-06-14 17:22:00,DEV_002,v4.0,0
EVT_00341,STU_0156,LES_042,2024-06-19 02:49:00,2024-06-19 02:55:00,DEV_008,v4.0,0
EVT_00177,STU_0070,LES_019,2024-04-10 11:37:00,2024-04-10 11:45:00,DEV_020,v2.0,0
EVT_00808,STU_0194,LES_043,2024-05-29 19:42:00,2024-05-29 20:06:00,DEV_038,v3.0,0
EVT_00921,STU_0214,LES_016,2024-06-17 22:33:00,2024-06-17 23:26:00,DEV_018,v3.0,0
EVT_00477,STU_0148,LES_026,2024-03-22 14:04:00,2024-03-22 14:20:00,DEV_044,v2.0,0
EVT_00684,STU_0132,LES_004,2024-05-04 18:25:00,2024-05-04 18:25:00,DEV_032,v1.0,0
EVT_00156,STU_0277,LES_040,2024-02-27 06:05:00,2024-02-27 07:01:00,DEV_015,v3.0,0
EVT_00462,STU_0235,LES_007,2024-02-14 15:54:00,2024-02-14 16:46:00,DEV_027,v1.0,0
EVT_00703,STU_0027,LES_026,2024-04-06 16:14:00,2024-04-06 17:13:00,DEV_027,v1.0,0
EVT_00560,STU_0159,LES_035,2024-07-03 20:12:00,2024-07-03 20:47:00,DEV_032,v2.0,0
EVT_00606,STU_0146,LES_028,2024-06-05 08:47:00,2024-06-05 09:22:00,DEV_004,v1.0,0
EVT_00369,STU_0100,LES_032,2024-04-05 19:11:00,2024-04-05 20:04:00,DEV_019,v3.0,0
EVT_00319,STU_0092,LES_012,2024-01-27 02:54:00,2024-01-27 03:32:00,DEV_037,v2.0,0
EVT_00938,STU_0100,LES_030,2024-03-27 06:42:00,2024-03-27 07:17:00,DEV_043,v1.0,0
EVT_00751,STU_0226,LES_020,2024-02-04 07:14:00,2024-02-04 08:12:00,DEV_018,v2.0,0
EVT_00835,STU_0125,LES_039,2024-01-04 14:53:00,2024-01-04 15:26:00,DEV_011,v1.0,0
EVT_00152,STU_0097,LES_010,2024-02-27 03:51:00,2024-02-27 04:06:00,DEV_034,v4.0,0
EVT_00846,STU_0248,LES_020,2024-01-08 18:01:00,2024-01-08 18:55:00,DEV_029,v4.0,0
EVT_00384,STU_0295,LES_027,2024-06-05 03:49:00,2024-06-05 03:49:00,DEV_041,v2.0,0
EVT_00377,STU_0118,LES_033,2024-03-02 00:49:00,2024-03-02 01:12:00,DEV_022,v1.0,0
EVT_00411,STU_0087,LES_017,2024-03-16 07:50:00,2024-03-16 08:24:00,DEV_022,v1.0,0
EVT_00979,STU_0062,LES_048,2024-03-30 03:51:00,2024-03-30 04:29:00,DEV_045,v1.0,0
EVT_00730,STU_0100,LES_014,2024-01-16 22:42:00,2024-01-16 23:32:00,DEV_006,v1.0,0
EVT_00289,STU_0067,LES_001,2024-02-05 00:24:00,2024-02-05 00:43:00,DEV_037,v1.0,0
EVT_00141,STU_0266,LES_025,2024-05-09 06:21:00,2024-05-09 06:56:00,DEV_015,v1.0,0
EVT_00091,STU_0290,LES_001,2024-02-24 19:02:00,2024-02-24 19:16:00,DEV_030,v2.0,0
EVT_00113,STU_0146,LES_019,2024-06-12 16:32:00,2024-06-12 16:41:00,DEV_047,v1.0,0
EVT_00558,STU_0005,LES_020,2024-03-27 10:37:00,2024-03-27 11:03:00,DEV_004,v1.0,0
EVT_00662,STU_0270,LES_049,2024-04-11 07:46:00,2024-04-11 08:06:00,DEV_047,v2.0,0
EVT_00202,STU_0005,LES_002,2024-01-22 18:55:00,2024-01-22 19:09:00,DEV_034,v4.0,0
EVT_00915,STU_0225,LES_001,2024-02-20 12:52:00,2024-02-20 13:08:00,DEV_048,v1.0,0
EVT_00079,STU_0028,LES_002,2024-06-11 20:52:00,2024-06-11 20:52:00,DEV_001,v4.0,0
EVT_00066,STU_0084,LES_047,2024-05-06 00:06:00,2024-05-06 00:26:00,DEV_004,v2.0,0
EVT_00275,STU_0092,LES_024,2024-05-04 08:02:00,2024-05-04 08:40:00,DEV_011,v4.0,0
EVT_00473,STU_0128,LES_046,2024-05-31 22:58:00,2024-05-31 22:58:00,DEV_023,v1.0,0
EVT_00387,STU_0048,LES_006,2024-07-05 01:39:00,2024-07-05 01:45:00,DEV_029,v4.0,0
EVT_00520,STU_0208,LES_008,2024-07-08 08:48:00,2024-07-08 09:05:00,DEV_017,v2.0,0
EVT_00732,STU_0051,LES_040,2024-03-11 07:59:00,2024-03-11 08:09:00,DEV_020,v3.0,0
EVT_00413,STU_0045,LES_017,2024-04-13 09:56:00,2024-04-13 10:06:00,DEV_044,v2.0,0
EVT_00928,STU_0011,LES_027,2024-05-23 20:41:00,2024-05-23 21:15:00,DEV_049,v4.0,0
EVT_00632,STU_0026,LES_046,2024-01-14 06:13:00,2024-01-14 06:41:00,DEV_041,v1.0,0
EVT_00750,STU_0287,LES_007,2024-02-02 20:36:00,2024-02-02 21:27:00,DEV_033,v1.0,0
EVT_00144,STU_0124,LES_038,2024-06-26 18:06:00,2024-06-26 18:45:00,DEV_007,v3.0,0
EVT_00046,STU_0120,LES_018,2024-02-19 21:33:00,2024-02-19 22:06:00,DEV_012,v4.0,0
EVT_00149,STU_0191,LES_021,2024-02-21 03:02:00,2024-02-21 03:10:00,DEV_034,v4.0,0
EVT_00849,STU_0166,LES_031,2024-01-14 06:12:00,2024-01-14 06:25:00,DEV_027,v4.0,0
EVT_00228,STU_0251,LES_027,2024-05-30 22:57:00,2024-05-30 23:39:00,DEV_014,v4.0,0
EVT_00056,STU_0046,LES_015,2024-06-01 12:13:00,2024-06-01 12:34:00,DEV_044,v4.0,0
EVT_00270,STU_0122,LES_037,2024-06-18 02:03:00,2024-06-18 02:30:00,DEV_006,v4.0,0
EVT_00161,STU_0164,LES_012,2024-03-31 12:49:00,2024-03-31 13:46:00,DEV_032,v3.0,0
EVT_00468,STU_0126,LES_040,2024-03-12 21:59:00,2024-03-12 21:59:00,DEV_023,v4.0,0
EVT_00666,STU_0075,LES_038,2024-07-07 01:17:00,2024-07-07 02:09:00,DEV_021,v2.0,0
EVT_00601,STU_0047,LES_038,2024-03-04 18:30:00,2024-03-04 18:41:00,DEV_022,v1.0,0
EVT_00485,STU_0213,LES_020,2024-05-06 23:49:00,2024-05-07 00:38:00,DEV_042,v2.0,0
EVT_00118,STU_0218,LES_038,2024-02-11 04:47:00,2024-02-11 05:37:00,DEV_036,v4.0,0
EVT_00717,STU_0157,LES_031,2024-05-11 22:41:00,2024-05-11 23:32:00,DEV_043,v4.0,0
EVT_00006,STU_0111,LES_024,2024-05-29 01:08:00,2024-05-29 01:48:00,DEV_047,v4.0,0
EVT_00676,STU_0241,LES_013,2024-01-01 09:05:00,2024-01-01 09:53:00,DEV_014,v1.0,0
EVT_00772,STU_0170,LES_016,2024-03-16 18:12:00,2024-03-16 18:17:00,DEV_039,v4.0,0
EVT_00901,STU_0133,LES_003,2024-05-18 02:00:00,2024-05-18 02:09:00,DEV_001,v3.0,0
EVT_00854,STU_0150,LES_037,2024-05-27 18:46:00,2024-05-27 19:10:00,DEV_001,v1.0,0
EVT_00503,STU_0097,LES_012,2024-07-18 07:51:00,2024-07-18 07:59:00,DEV_038,v4.0,0
EVT_00942,STU_0202,LES_035,2024-05-16 06:34:00,2024-05-16 06:50:00,DEV_003,v1.0,0
EVT_00509,STU_0176,LES_048,2024-05-08 21:09:00,2024-05-08 21:43:00,DEV_003,v2.0,0
EVT_00598,STU_0279,LES_028,2024-04-20 05:12:00,2024-04-20 06:10:00,DEV_029,v3.0,0
EVT_00657,STU_0246,LES_023,2024-04-12 19:34:00,2024-04-12 20:04:00,DEV_005,v3.0,0
EVT_00821,STU_0039,LES_013,2024-02-10 11:32:00,2024-02-10 11:49:00,DEV_010,v1.0,0
EVT_00439,STU_0156,LES_021,2024-05-01 15:22:00,2024-05-01 15:48:00,DEV_010,v3.0,0
EVT_00401,STU_0056,LES_021,2024-01-02 07:24:00,2024-01-02 08:06:00,DEV_040,v4.0,0
EVT_00475,STU_0089,LES_048,2024-01-18 23:14:00,2024-01-18 23:35:00,DEV_015,v2.0,0
EVT_00799,STU_0152,LES_014,2024-03-09 19:29:00,2024-03-09 19:29:00,DEV_019,v4.0,0
EVT_00718,STU_0265,LES_013,2024-03-19 02:34:00,2024-03-19 03:15:00,DEV_019,v2.0,0
EVT_00466,STU_0011,LES_034,2024-06-26 18:14:00,2024-06-26 18:52:00,DEV_020,v2.0,0
EVT_00707,STU_0105,LES_001,2024-03-01 04:29:00,2024-03-01 04:39:00,DEV_039,v2.0,0
EVT_00052,STU_0084,LES_006,2024-05-26 23:30:00,2024-05-27 00:12:00,DEV_015,v2.0,0
EVT_00340,STU_0093,LES_022,2024-02-13 02:16:00,2024-02-13 02:56:00,DEV_037,v4.0,0
EVT_00869,STU_0002,LES_041,2024-05-02 20:52:00,2024-05-02 21:00:00,DEV_012,v1.0,0
EVT_00333,STU_0093,LES_008,2024-06-20 08:12:00,2024-06-20 08:12:00,DEV_033,v1.0,0
EVT_00449,STU_0197,LES_021,2024-05-04 02:17:00,2024-05-04 02:25:00,DEV_029,v3.0,0
EVT_00481,STU_0160,LES_038,2024-07-09 01:59:00,2024-07-09 02:33:00,DEV_003,v4.0,0
EVT_00139,STU_0141,LES_031,2024-03-18 16:28:00,2024-03-18 16:38:00,DEV_032,v1.0,0
EVT_00092,STU_0145,LES_026,2024-05-15 05:02:00,2024-05-15 05:18:00,DEV_027,v4.0,0
EVT_00010,STU_0172,LES_030,2024-04-11 14:25:00,2024-04-11 15:06:00,DEV_044,v3.0,0
EVT_00530,STU_0284,LES_032,2024-07-12 21:50:00,2024-07-12 21:50:00,DEV_008,v4.0,0
EVT_00774,STU_0170,LES_039,2024-03-30 09:20:00,2024-03-30 09:47:00,DEV_022,v4.0,0
EVT_00627,STU_0025,LES_018,2024-07-08 19:24:00,2024-07-08 19:24:00,DEV_028,v2.0,0
EVT_00193,STU_0220,LES_007,2024-06-11 20:43:00,2024-06-11 20:57:00,DEV_016,v4.0,0
EVT_00127,STU_0248,LES_044,2024-03-05 04:45:00,2024-03-05 04:55:00,DEV_022,v2.0,0
EVT_00737,STU_0014,LES_010,2024-05-19 06:03:00,2024-05-19 06:03:00,DEV_034,v1.0,0
EVT_00153,STU_0214,LES_008,2024-06-25 01:18:00,2024-06-25 01:45:00,DEV_024,v1.0,0
EVT_01000,STU_0145,LES_040,2024-04-13 03:23:00,2024-04-13 03:46:00,DEV_003,v2.0,0
EVT_00798,STU_0158,LES_012,2024-07-14 12:07:00,2024-07-14 12:07:00,DEV_004,v3.0,0
EVT_00604,STU_0132,LES_043,2024-01-04 01:10:00,2024-01-04 01:23:00,DEV_035,v4.0,0
EVT_00963,STU_0105,LES_018,2024-06-24 12:49:00,2024-06-24 12:49:00,DEV_006,v3.0,0
EVT_00165,STU_0122,LES_032,2024-04-28 00:38:00,2024-04-28 01:23:00,DEV_047,v2.0,0
EVT_00825,STU_0070,LES_041,2024-07-09 06:55:00,2024-07-09 07:33:00,DEV_016,v1.0,0
EVT_00625,STU_0208,LES_046,2024-07-18 15:51:00,2024-07-18 16:45:00,DEV_012,v1.0,0
EVT_00959,STU_0058,LES_009,2024-02-17 18:58:00,2024-02-17 19:50:00,DEV_045,v2.0,0
EVT_00698,STU_0171,LES_017,2024-04-30 08:54:00,2024-04-30 09:51:00,DEV_007,v4.0,0
EVT_00324,STU_0205,LES_015,2024-05-03 07:50:00,2024-05-03 07:58:00,DEV_026,v4.0,0
EVT_00787,STU_0171,LES_019,2024-02-19 16:55:00,2024-02-19 17:28:00,DEV_043,v1.0,0
EVT_00982,STU_0140,LES_037,2024-01-23 21:33:00,2024-01-23 21:50:00,DEV_021,v1.0,0
EVT_00991,STU_0182,LES_005,2024-05-23 23:35:00,2024-05-24 00:05:00,DEV_022,v3.0,0
EVT_00875,STU_0114,LES_042,2024-03-04 01:41:00,2024-03-04 01:41:00,DEV_018,v2.0,0
EVT_00669,STU_0246,LES_045,2024-04-13 04:42:00,2024-04-13 05:02:00,DEV_038,v3.0,0
EVT_00363,STU_0111,LES_025,2024-05-02 15:16:00,2024-05-02 16:09:00,DEV_001,v3.0,0
EVT_00326,STU_0028,LES_022,2024-01-17 18:33:00,2024-01-17 19:19:00,DEV_026,v1.0,0
EVT_00615,STU_0186,LES_033,2024-04-17 06:17:00,2024-04-17 06:39:00,DEV_004,v1.0,0
EVT_00583,STU_0219,LES_025,2024-03-12 21:10:00,2024-03-12 21:58:00,DEV_023,v4.0,0
EVT_00538,STU_0214,LES_006,2024-02-04 20:16:00,2024-02-04 21:08:00,DEV_011,v1.0,0
EVT_00573,STU_0078,LES_002,2024-01-29 08:46:00,2024-01-29 09:18:00,DEV_020,v1.0,0
EVT_00715,STU_0203,LES_021,2024-05-28 11:34:00,2024-05-28 11:48:00,DEV_045,v1.0,0
EVT_00510,STU_0149,LES_025,2024-03-24 10:27:00,2024-03-24 11:04:00,DEV_038,v1.0,0
EVT_00297,STU_0233,LES_030,2024-06-29 13:00:00,2024-06-29 13:57:00,DEV_019,v1.0,0
EVT_00962,STU_0123,LES_047,2024-06-09 12:31:00,2024-06-09 13:05:00,DEV_022,v3.0,0
EVT_00904,STU_0143,LES_031,2024-02-11 04:58:00,2024-02-11 05:51:00,DEV_032,v4.0,0
EVT_00614,STU_0172,LES_018,2024-01-03 19:18:00,2024-01-03 20:06:00,DEV_038,v1.0,0
EVT_00531,STU_0271,LES_043,2024-06-07 03:20:00,2024-06-07 03:26:00,DEV_008,v3.0,0
EVT_00636,STU_0150,LES_016,2024-01-28 06:58:00,2024-01-28 07:48:00,DEV_008,v4.0,0
EVT_00940,STU_0214,LES_038,2024-01-23 00:58:00,2024-01-23 01:13:00,DEV_028,v4.0,0
EVT_00405,STU_0038,LES_021,2024-06-05 10:44:00,2024-06-05 11:16:00,DEV_021,v2.0,0
EVT_00593,STU_0230,LES_049,2024-06-18 20:43:00,2024-06-18 21:27:00,DEV_008,v3.0,0
EVT_00805,STU_0254,LES_034,2024-03-11 15:31:00,2024-03-11 15:31:00,DEV_038,v3.0,0
EVT_00589,STU_0188,LES_022,2024-02-21 01:50:00,2024-02-21 02:16:00,DEV_043,v3.0,0
EVT_00423,STU_0120,LES_001,2024-04-02 08:24:00,2024-04-02 09:09:00,DEV_044,v3.0,0
EVT_00016,STU_0082,LES_031,2024-04-25 15:34:00,2024-04-25 16:20:00,DEV_039,v1.0,0
EVT_00706,STU_0169,LES_023,2024-03-11 08:34:00,2024-03-11 09:09:00,DEV_018,v3.0,0
EVT_00029,STU_0020,LES_049,2024-03-01 06:58:00,2024-03-01 07:19:00,DEV_024,v3.0,0
EVT_00999,STU_0267,LES_038,2024-03-10 23:22:00,2024-03-11 00:13:00,DEV_034,v4.0,0
EVT_00196,STU_0007,LES_006,2024-05-06 23:42:00,2024-05-06 23:42:00,DEV_011,v4.0,0
EVT_00871,STU_0171,LES_017,2024-03-09 13:32:00,2024-03-09 14:25:00,DEV_033,v4.0,0
EVT_00546,STU_0187,LES_026,2024-05-23 04:21:00,2024-05-23 05:08:00,DEV_047,v3.0,0
EVT_00075,STU_0237,LES_018,2024-02-09 00:20:00,2024-02-09 00:59:00,DEV_026,v4.0,0
EVT_00527,STU_0122,LES_048,2024-02-13 22:20:00,2024-02-13 22:31:00,DEV_043,v2.0,0
EVT_00359,STU_0112,LES_027,2024-06-27 03:25:00,2024-06-27 04:17:00,DEV_047,v2.0,0
EVT_00898,STU_0089,LES_013,2024-05-17 04:10:00,2024-05-17 04:10:00,DEV_002,v1.0,0
EVT_00543,STU_0116,LES_048,2024-01-10 01:38:00,2024-01-10 02:03:00,DEV_021,v2.0,0
EVT_00909,STU_0231,LES_012,2024-07-12 21:11:00,2024-07-12 21:38:00,DEV_030,v1.0,0
EVT_00702,STU_0045,LES_033,2024-01-23 08:54:00,2024-01-23 09:05:00,DEV_015,v4.0,0
EVT_00128,STU_0231,LES_032,2024-06-09 16:52:00,2024-06-09 17:34:00,DEV_034,v1.0,0
EVT_00989,STU_0079,LES_009,2024-06-15 11:27:00,2024-06-15 11:56:00,DEV_039,v2.0,0
EVT_00671,STU_0063,LES_036,2024-06-13 06:22:00,2024-06-13 07:14:00,DEV_005,v4.0,0
EVT_00843,STU_0047,LES_031,2024-01-13 14:47:00,2024-01-13 15:34:00,DEV_021,v2.0,0
EVT_00455,STU_0059,LES_025,2024-06-30 07:37:00,2024-06-30 07:42:00,DEV_007,v4.0,0
EVT_00290,STU_0232,LES_008,2024-05-12 03:07:00,2024-05-12 03:12:00,DEV_036,v3.0,0
EVT_00353,STU_0271,LES_035,2024-06-13 11:46:00,2024-06-13 11:46:00,DEV_027,v4.0,0
EVT_00080,STU_0164,LES_045,2024-05-30 22:06:00,2024-05-30 22:20:00,DEV_003,v2.0,0
EVT_00344,STU_0129,LES_032,2024-03-29 10:04:00,2024-03-29 10:11:00,DEV_020,v4.0,0
EVT_00935,STU_0191,LES_027,2024-01-25 20:10:00,2024-01-25 20:32:00,DEV_046,v2.0,0
EVT_00229,STU_0190,LES_035,2024-05-26 09:55:00,2024-05-26 09:55:00,DEV_040,v4.0,0
EVT_00595,STU_0154,LES_038,2024-04-19 10:51:00,2024-04-19 11:48:00,DEV_037,v2.0,0
EVT_00535,STU_0093,LES_023,2024-01-06 04:47:00,2024-01-06 05:06:00,DEV_040,v2.0,0
EVT_00653,STU_0111,LES_002,2024-04-02 08:44:00,2024-04-02 08:44:00,DEV_045,v2.0,0
EVT_00441,STU_0204,LES_033,2024-01-28 06:31:00,2024-01-28 06:31:00,DEV_022,v2.0,0
EVT_00220,STU_0213,LES_024,2024-05-10 09:47:00,2024-05-10 10:17:00,DEV_048,v1.0,0
EVT_00740,STU_0197,LES_019,2024-05-09 17:15:00,2024-05-09 17:53:00,DEV_006,v4.0,0
EVT_00452,STU_0191,LES_005,2024-02-20 12:59:00,2024-02-20 13:57:00,DEV_049,v2.0,0
EVT_00447,STU_0187,LES_021,2024-06-30 08:27:00,2024-06-30 09:06:00,DEV_022,v2.0,0
EVT_00035,STU_0081,LES_040,2024-02-14 03:43:00,2024-02-14 04:38:00,DEV_003,v4.0,0
EVT_00012,STU_0149,LES_017,2024-04-27 16:15:00,2024-04-27 16:44:00,DEV_018,v1.0,0
EVT_00011,STU_0017,LES_010,2024-02-26 00:11:00,2024-02-26 00:39:00,DEV_019,v4.0,0
EVT_00792,STU_0233,LES_040,2024-03-07 19:36:00,2024-03-07 20:18:00,DEV_045,v3.0,0
EVT_00890,STU_0167,LES_041,2024-02-02 03:48:00,2024-02-02 04:39:00,DEV_016,v3.0,0
EVT_00967,STU_0040,LES_032,2024-07-15 13:04:00,2024-07-15 13:50:00,DEV_034,v1.0,0
EVT_00225,STU_0128,LES_003,2024-01-04 07:21:00,2024-01-04 08:03:00,DEV_015,v3.0,0
EVT_00327,STU_0267,LES_013,2024-06-29 07:35:00,2024-06-29 08:26:00,DEV_031,v4.0,0
EVT_00094,STU_0090,LES_028,2024-07-12 16:49:00,2024-07-12 17:02:00,DEV_033,v1.0,0
EVT_00605,STU_0253,LES_024,2024-02-05 12:35:00,2024-02-05 12:35:00,DEV_027,v4.0,0
EVT_00234,STU_0227,LES_041,2024-07-05 05:33:00,2024-07-05 05:41:00,DEV_004,v4.0,0
EVT_00639,STU_0225,LES_021,2024-02-26 10:14:00,2024-02-26 11:03:00,DEV_044,v2.0,0
EVT_00537,STU_0299,LES_017,2024-04-05 23:31:00,2024-04-05 23:52:00,DEV_041,v3.0,0
EVT_00311,STU_0013,LES_018,2024-05-20 18:43:00,2024-05-20 19:03:00,DEV_009,v1.0,0
EVT_00536,STU_0096,LES_009,2024-01-06 10:23:00,2024-01-06 10:30:00,DEV_042,v3.0,0
EVT_00293,STU_0045,LES_019,2024-05-02 05:57:00,2024-05-02 06:41:00,DEV_017,v3.0,0
EVT_00789,STU_0219,LES_021,2024-04-01 02:06:00,2024-04-01 02:06:00,DEV_046,v3.0,0
EVT_00049,STU_0226,LES_029,2024-01-04 18:42:00,2024-01-04 19:25:00,DEV_015,v3.0,0
EVT_00823,STU_0005,LES_026,2024-01-11 13:58:00,2024-01-11 14:12:00,DEV_042,v4.0,0
EVT_00878,STU_0045,LES_009,2024-02-01 21:52:00,2024-02-01 22:26:00,DEV_012,v1.0,0
EVT_00839,STU_0069,LES_009,2024-01-02 20:11:00,2024-01-02 20:46:00,DEV_010,v2.0,0
EVT_00396,STU_0069,LES_043,2024-06-24 13:21:00,2024-06-24 13:21:00,DEV_003,v2.0,0
EVT_00689,STU_0193,LES_004,2024-02-18 00:51:00,2024-02-18 01:24:00,DEV_021,v2.0,0
EVT_00683,STU_0157,LES_038,2024-04-19 08:49:00,2024-04-19 09:26:00,DEV_001,v4.0,0
EVT_00944,STU_0211,LES_048,2024-03-26 19:32:00,2024-03-26 20:20:00,DEV_032,v2.0,0
EVT_00692,STU_0083,LES_022,2024-03-03 15:50:00,2024-03-03 16:24:00,DEV_029,v2.0,0
EVT_00914,STU_0020,LES_038,2024-05-27 23:29:00,2024-05-27 23:59:00,DEV_006,v1.0,0
EVT_00784,STU_0055,LES_010,2024-02-11 22:00:00,2024-02-11 22:09:00,DEV_010,v2.0,0
EVT_00262,STU_0172,LES_015,2024-02-10 18:06:00,2024-02-10 18:06:00,DEV_011,v4.0,0
EVT_00303,STU_0096,LES_022,2024-02-07 03:28:00,2024-02-07 03:28:00,DEV_008,v1.0,0
EVT_00083,STU_0107,LES_037,2024-06-23 20:27:00,2024-06-23 21:20:00,DEV_044,v4.0,0
EVT_00499,STU_0156,LES_017,2024-01-06 19:30:00,2024-01-06 20:02:00,DEV_002,v2.0,0
EVT_00181,STU_0158,LES_018,2024-05-26 02:38:00,2024-05-26 02:38:00,DEV_019,v1.0,0
